OID_,Shape_Length,Shape_Area,Park Majority,Impervious_majority,Water_majority,Low_permeability,elevation_min
1,1444.259831,40433.78384,0,1,1,0,-0.379773974
2,2000,250000,1,1,1,1,50.82452774
3,1896.444272,234374.2931,0,1,1,1,49.79371262
4,2000,250000,1,1,1,1,84.73822021
5,2000,250000,0,1,1,1,15.20001888
6,2000,250000,1,1,1,1,22.30749512
7,2000,250000,0,1,1,1,-0.589999974
8,2000,250000,1,1,1,1,11.46041965
9,2000,250000,1,1,1,1,1.522113085
10,2000,250000,1,1,1,1,0
11,2130.753283,205451.1077,1,1,1,0,-0.540000021
12,1985.257851,246757.1136,0,1,1,0,-0.680000007
13,1110.320021,52879.20735,1,1,1,1,82.07975769
14,2000,250000,0,1,1,1,12.13696194
15,2000,250000,1,1,1,1,61.82979584
16,2000,250000,0,1,1,0,-0.519999981
17,2000,250000,1,1,1,0,-0.540000021
18,2000,250000,0,1,1,1,23.82459259
19,2000,250000,0,1,1,1,7.524262905
20,2000,250000,0,1,1,1,21.695261
21,2000,250000,1,1,1,1,-0.480128288
22,2000,250000,1,1,1,1,28.72229958
23,2000,250000,1,1,1,1,0
24,2000,250000,0,1,1,1,47.48289108
25,2000,250000,1,1,1,1,57.87314224
26,2000,250000,0,1,1,1,35.65966415
27,1729.587081,143451.761,0,1,1,1,0
28,2000,250000,1,1,1,1,24.02749825
29,1113.03193,53137.83328,0,1,1,1,45.49000168
30,2000,250000,0,1,1,1,-0.589999974
31,2000,250000,1,1,1,1,45.47084808
32,2000,250000,0,1,1,1,26.68821526
33,2000,250000,0,1,1,1,0
34,2000,250000,0,1,1,1,45.61927032
35,1838.702437,170217.1805,1,1,1,0,-0.677244484
36,2000,250000,1,1,1,1,10.51148701
37,2000,250000,1,1,1,1,34.64797211
38,102.5407781,341.6334001,1,1,1,0,-0.680000007
39,2000,250000,0,1,1,1,63.36270905
40,2000,250000,0,1,1,0,-0.660000026
41,2000,250000,0,1,1,1,-0.540000021
42,133.4208094,763.546965,1,1,1,1,71.37662506
43,2000,250000,0,1,1,1,56.25699615
44,2000,250000,1,1,1,1,85.01383209
45,2000,250000,0,1,1,1,22.8647728
46,2000,250000,0,1,1,1,34.14389801
47,2000,250000,1,1,1,1,20.61499596
48,2000,250000,0,1,1,1,22.36929893
49,93.5136259,375.091899,1,1,1,1,24.34260368
50,2000,250000,0,1,1,1,19.01885796
51,2000,250000,0,1,1,1,51.81282043
52,2000,250000,1,1,1,1,46.20883942
53,136.8442414,803.2332279,0,1,1,1,39.80547333
54,2000,250000,0,1,1,1,26.06827164
55,2000,250000,0,1,1,1,-0.540000021
56,2000,250000,0,1,1,1,2.977306128
57,2000,250000,0,1,1,0,-0.680000007
58,2000,250000,0,1,1,1,45.19509125
59,2000,250000,1,1,1,1,95.93522644
60,2000,250000,0,1,1,1,99.88265991
61,1828.108537,202593.3498,1,1,1,1,14.86025429
62,128.6286192,709.6820629,0,1,1,1,19.03246689
63,2000,250000,0,1,1,1,12.1520071
64,2000,250000,0,1,1,0,71.49377441
65,2000,250000,0,1,1,1,-0.680000007
66,2000,250000,0,1,1,1,36.52470779
67,2000,250000,1,1,1,1,29.93546486
68,2000,250000,1,1,1,1,96.77635956
69,134.7904212,779.3035851,0,1,1,1,63.23665237
70,2000,250000,0,1,1,0,24.04805565
71,2000,250000,0,1,1,1,-0.030066775
72,2000,250000,0,1,1,1,23.70733261
73,2000,250000,1,1,1,1,95.36763763
74,2000,250000,1,1,1,1,46.64435196
75,2000,250000,0,1,1,1,6.673323154
76,1914.274844,191402.1112,1,1,1,1,62.21963501
77,2000,250000,1,1,1,1,1.760255575
78,1897.374911,234653.8826,0,1,1,1,54.56040955
79,2000,250000,0,1,1,1,-0.670000017
80,2000,250000,1,1,1,1,5.555080891
81,2000,250000,0,1,1,1,3.939401865
82,2000,250000,0,1,1,0,9.522688866
83,2000,250000,0,1,1,1,26.63875771
84,2000,250000,0,1,1,1,0
85,2000,250000,0,1,1,1,45.99375534
86,2000,250000,1,1,1,1,2.602074623
87,2000,250000,1,1,1,1,29.92743301
88,1724.120299,139099.9812,1,1,1,1,89.75666809
89,2000,250000,1,1,1,1,33.47389984
90,2000,250000,1,1,1,1,44.49100494
91,2000,250000,1,1,1,0,6.227870941
92,1724.766362,139618.7906,0,1,1,1,-0.680000007
93,2000,250000,1,1,1,1,4.642731667
94,2000,250000,0,1,1,1,42.67726517
95,2000,250000,0,1,1,1,54.2484169
96,2000,250000,1,1,1,1,0.310310662
97,1934.365124,173528.1031,1,1,1,1,18.88210678
98,2000,250000,1,1,1,0,-3.693815708
99,1729.934719,143725.3608,1,1,1,1,-0.65994525
100,1729.93949,143729.2929,0,1,1,1,27.21406174
101,2000,250000,1,1,1,1,21.61020851
102,2000,250000,0,1,1,1,72.49262238
103,2000,250000,1,1,1,1,-0.352364063
104,134.9335096,780.9577221,1,1,1,1,52.94944763
105,2000,250000,1,1,1,1,92.96018982
106,2000,250000,1,1,0,1,33.14676666
107,2000,250000,0,1,1,1,0
108,2000,250000,0,1,1,1,14.41962147
109,2000,250000,1,1,1,1,4.638213634
110,2000,250000,0,1,1,1,68.05441284
111,1897.219824,234607.4655,1,1,1,1,9.196557045
112,2000,250000,0,1,1,1,25.43883705
113,1728.060082,142245.0258,0,1,1,1,1.83193624
114,2000,250000,1,1,1,1,65.10783386
115,2000,250000,1,1,1,1,84.16107941
116,142.4645838,870.5660338,1,1,1,1,38.7959137
117,2000,250000,0,1,1,1,0.746011674
118,2000,250000,1,1,1,1,67.75318909
119,2000,250000,0,1,1,1,0
120,2000,250000,1,1,1,1,76.37866211
121,2000,250000,0,1,1,1,-1.891471148
122,2000,250000,0,1,1,1,43.27000046
123,2000,250000,1,1,1,1,-0.680000007
124,2000,250000,0,1,1,1,36.69716263
125,2000,250000,0,1,1,1,-0.670000017
126,2000,250000,0,1,1,1,0.986922145
127,2000,250000,1,1,1,1,16.65293312
128,2000,250000,1,1,1,1,43.59876633
129,123.836429,657.7872535,0,1,1,1,-0.479999989
130,2000,250000,0,1,1,1,82.29239655
131,2000,250000,1,1,1,1,42.21411133
132,2000,250000,0,1,1,1,20.79645538
133,2000,250000,1,1,1,0,-0.680000007
134,2000,250000,1,1,1,1,-0.540000021
135,2000,250000,1,1,1,1,16.81284714
136,2000,250000,0,1,1,1,5.085399151
137,1998.394217,249996.1307,0,1,1,1,-0.589999974
138,2000,250000,0,1,1,1,-0.679722428
139,2000,250000,0,1,1,1,27.49660873
140,2000,250000,0,1,1,1,49.05776978
141,2000,250000,1,1,1,0,17.80107498
142,1165.055159,33755.7275,0,1,1,0,50.89090729
143,2000,250000,1,1,1,1,-0.241729647
144,2000,250000,0,1,1,0,48.93491745
145,2000,250000,1,1,1,0,-0.119118154
146,2000,250000,1,1,1,0,-0.680000007
147,2000,250000,1,1,1,1,-0.540000021
148,2000,250000,0,1,1,1,2.115759134
149,2000,250000,0,1,1,1,70.13206482
150,2000,250000,1,1,1,0,49.04475784
151,1787.972584,159548.5108,0,1,1,1,-0.680000007
152,2000,250000,1,1,1,1,95.14955139
153,230.671702,2741.096955,0,1,1,0,10.89153099
154,829.1909942,22668.28192,1,1,1,1,-0.680000007
155,2049.881953,199408.7015,0,1,1,0,3.139405966
156,2000,250000,1,1,1,1,1.759090066
157,2000,250000,0,1,1,1,87.43235779
158,2000,250000,0,1,1,0,11.80684471
159,1690.177509,126727.805,1,1,1,1,0
160,1897.064649,234560.9519,0,1,1,1,38.2713623
161,2000,250000,0,1,1,0,25.58302116
162,2000,250000,1,1,1,0,-0.345318705
163,2000,250000,0,1,1,1,10.95909214
164,2000,250000,0,1,1,1,8.571365356
165,2000,250000,0,1,1,1,53.59977722
166,2000,250000,0,1,1,0,54.72455597
167,1112.128017,53051.55996,1,1,1,1,-0.489279926
168,2000,250000,0,1,1,1,6.99856329
169,2000,250000,1,1,1,1,-0.279814899
170,2000,250000,1,1,1,1,0.298728913
171,1728.764871,142802.8409,1,1,1,1,59.87810516
172,2000,250000,1,1,1,1,69.71798706
173,2000,250000,0,1,1,1,1.881626368
174,2000,250000,0,1,1,1,79.09156799
175,2000,250000,1,1,1,0,0
176,2000,250000,0,1,1,1,54.2469635
177,307.7367455,1576.741851,1,1,1,0,-0.680000007
178,2000,250000,1,1,1,1,59.90984344
179,2000,250000,1,1,1,1,-0.519999981
180,2000,250000,0,1,1,1,25.01650047
181,2000,250000,1,1,1,1,-0.680000007
182,2000,250000,0,1,1,1,94.40370178
183,1730.5268,144191.0111,1,1,1,0,80.40419769
184,2000,250000,1,1,1,1,72.72762299
185,2000,250000,1,1,1,1,-0.680000007
186,1896.289156,234327.4466,0,1,1,1,43.6232605
187,2000,250000,1,1,1,1,10.08994961
188,74.68611124,239.2586147,0,1,1,1,5.937289715
189,2000,250000,1,1,1,1,50.49898911
190,2000,250000,1,1,1,1,4.657388687
191,2000,250000,1,1,1,1,7.199948311
192,2000,250000,0,1,1,1,42.31464005
193,819.6288603,32133.32863,0,1,1,1,6.287680626
194,2000,250000,0,1,1,1,6.029433727
195,2000,250000,0,1,1,1,-0.680000007
196,2000,250000,0,1,1,1,54.96943665
197,2000,250000,0,1,1,1,53.40119934
198,2000,250000,0,1,1,1,51.15319824
199,2000,250000,0,1,1,1,26.87085342
200,2000,250000,0,1,1,1,-0.680000007
201,2000,250000,0,1,1,1,26.98888016
202,2000,250000,0,1,1,1,9.484272003
203,2000,250000,0,1,1,0,55.19422531
204,2000,250000,0,1,1,0,-0.493622929
205,2000,250000,0,1,1,1,-0.589999974
206,2000,250000,0,1,1,1,15.56502628
207,2000,250000,0,1,1,1,16.17664146
208,2000,250000,0,1,1,1,40.96379471
209,2000,250000,0,1,1,0,8.519357681
210,123.6374105,655.6735907,0,1,1,1,-0.589999974
211,2000,250000,0,1,0,1,17.92590714
212,2000,250000,0,1,1,1,24.09409714
213,1729.288714,143216.3284,0,1,1,1,45.21413803
214,2000,250000,0,1,1,1,15.78892994
215,2000,250000,0,1,1,1,10.60927105
216,2000,250000,0,1,1,1,48.96678162
217,2000,250000,0,1,1,1,28.71662712
218,2000,250000,0,1,1,1,57.438694
219,2000,250000,0,1,0,1,100.5819016
220,132.7364303,755.7338605,0,1,1,1,14.85295677
221,2000,250000,0,1,1,1,27.06415176
222,2000,250000,0,1,1,1,12.05668354
223,2000,250000,0,1,1,1,5.553586006
224,2000,250000,0,1,1,1,35.13717651
225,2000,250000,0,1,1,1,0
226,2000,250000,0,1,,1,88.28673553
227,2000,250000,0,1,,1,32.36508179
228,2000,250000,0,1,,1,59.21130371
229,1726.704463,141167.8506,0,1,,1,22.75237846
230,2000,250000,0,1,,1,20.7913723
231,2000,250000,0,1,,1,65.94528961
232,122.4671587,643.3212501,0,1,,0,17.46768951
233,2000,250000,0,1,,1,23.70387268
234,2000,250000,0,1,,1,-0.519999981
235,2000,250000,0,1,,0,9.241716385
236,1729.352181,143266.5695,0,1,,1,70.770401
237,2000,250000,0,1,,1,-0.680000007
238,2000,250000,0,1,,1,66.61538696
239,2000,250000,0,1,,1,1.216449976
240,2000,250000,0,1,,1,12.72643661
241,85.982381,317.1077286,0,1,,1,25.9738884
242,2000,250000,0,1,,1,-0.589999974
243,2000,250000,0,1,,1,72.39555359
244,2000,250000,0,1,,1,76.591362
245,2000,250000,0,1,,1,44.30607605
246,2000,250000,0,1,,1,1.871728182
247,2000,250000,0,1,,0,54.43520737
248,2000,250000,0,1,,1,14.12832451
249,624.4318492,9877.606879,0,1,,1,-0.680000007
250,2000,250000,0,1,,0,22.87225342
251,2000,250000,0,1,,1,2.26467824
252,2000,250000,0,1,,1,0
253,2000,250000,0,1,,1,18.54433632
254,2000,250000,0,1,,1,66.2518692
255,2000,250000,0,1,,1,0
256,2000,250000,0,1,,1,80.69122314
257,2000,250000,0,1,,1,62.88254547
258,2000,250000,0,1,,1,89.11204529
259,2000,250000,0,1,,1,85.2881546
260,2000,250000,0,1,,1,3.731355906
261,1959.486748,242173.582,0,1,,1,48.58390808
262,2000,250000,0,1,,1,24.67703438
263,2000,250000,0,1,,1,45.5331459
264,1862.649138,161016.3553,0,1,,1,11.23613262
265,2000,250000,0,1,,1,31.84622383
266,1727.996559,142194.4991,0,1,,1,8.279708862
267,1728.294983,142431.1018,0,1,,1,43.79972839
268,1104.895859,52363.81586,0,1,,1,96.09446716
269,2000,250000,0,1,,0,-0.102530211
270,1109.415766,52793.11183,0,1,,1,0
271,2000,250000,0,1,,1,6.181079865
272,2000,250000,0,1,,1,54.25520706
273,2000,250000,0,1,,1,14.33508492
274,2000,250000,0,1,,1,44.02135849
275,2000,250000,0,1,,1,-0.680000007
276,2000,250000,0,1,,1,3.691938639
277,2000,250000,0,1,,1,88.68001556
278,2000,250000,0,1,,1,15.30564213
279,2000,250000,0,1,,1,45.92452621
280,2000,250000,0,1,,1,6.949548721
281,2000,250000,0,1,,1,0.848605931
282,1730.291899,144006.4628,0,1,,1,36.6554985
283,1720.24398,135961.6282,0,1,,1,102.3892822
284,2000,250000,0,1,,0,105.0600281
285,2000,250000,0,1,,0,82.92008972
286,2000,250000,0,1,,1,-0.540000021
287,2000,250000,0,1,,1,-0.680000007
288,2000,250000,0,1,,0,34.60736847
289,124.7211257,483.5488029,0,1,,1,102.2567673
290,127.4026061,696.2168261,0,1,,1,50.31775284
291,1896.909562,234514.3946,0,1,,1,26.48873329
292,2000,250000,0,1,,1,22.51280022
293,2000,250000,0,1,,0,24.4103756
294,2000,250000,0,1,,1,61.51708603
295,2000,250000,0,1,,1,-0.259999096
296,2000,250000,0,1,,0,0
297,2000,250000,0,1,,1,50.69208908
298,1106.703856,52535.32718,0,1,,1,33.40937042
299,2000,250000,0,1,,1,30.41046524
300,1851.261189,213879.5334,0,1,,1,16.88316345
301,2000,250000,0,1,,0,41.09234619
302,2000,250000,0,1,,1,27.36982155
303,1108.512024,52707.13516,0,1,,1,-0.680000007
304,1103.991776,52278.15728,0,1,,1,6.053806305
305,2000,250000,0,1,,0,12.16448116
306,2000,250000,0,1,,1,11.66852188
307,1722.828202,138058.7368,0,1,,1,-0.680000007
308,2000,250000,0,1,,1,45.18635941
309,2000,250000,0,1,,1,69.52090454
310,1728.177562,142338.1071,0,1,,1,3.358600378
311,2000,250000,0,1,,0,81.69746399
312,398.3701611,1640.661491,0,1,,1,0
313,89.74808886,345.4922493,0,1,,1,-0.625244021
314,2000,250000,0,1,,0,3.137874842
315,1728.999772,142988.4344,0,1,,1,50.72190475
316,2000,250000,0,1,,1,-0.680000007
317,2000,250000,0,1,,1,58.66597748
318,2000,250000,0,1,,1,54.42193604
319,2000,250000,0,1,,1,26.95463562
320,2000,250000,0,1,,1,3.254655361
321,2000,250000,0,1,,1,33.6428833
322,2000,250000,0,1,,1,31.04454231
323,104.809725,471.184564,0,1,,1,18.82888412
324,2000,250000,0,1,,0,11.94917965
325,1896.754475,234467.7672,0,1,,0,68.79982758
326,2000,250000,0,1,,1,33.97927475
327,2000,250000,0,1,,1,0.376017123
328,1284.855249,81903.80233,0,1,,1,9.803676605
329,1728.647392,142709.9606,0,1,,0,49.70264435
330,2000,250000,0,1,,1,87.40634155
331,2000,250000,0,1,,1,-0.680000007
332,1718.305821,134376.031,0,1,,1,2.383293867
333,2000,250000,0,1,,0,0.442822069
334,2000,250000,0,1,,1,41.93693161
335,2000,250000,0,1,,1,-0.633381188
336,2000,250000,0,1,,1,58.88758087
337,2000,250000,0,1,,1,55.30338669
338,1723.474236,138579.9553,0,1,,1,4.679408073
339,1729.46966,143359.2084,0,1,,1,3.811640978
340,2000,250000,0,1,,1,4.660427094
341,2000,250000,0,1,,1,84.77937317
342,2000,250000,0,1,,1,17.27457619
343,2000,250000,0,1,,1,68.15450287
344,2000,250000,0,1,,1,-0.519999981
345,2000,250000,0,1,,0,13.50080395
346,2000,250000,0,1,,1,1.480762601
347,2000,250000,0,1,,1,3.710826159
348,2000,250000,0,1,,1,52.20121384
349,2000,250000,0,1,,1,51.9280777
350,2000,250000,0,1,,1,33.01542282
351,2000,250000,0,1,,1,22.14560509
352,2000,250000,0,1,,1,8.950409889
353,2000,250000,0,0,,1,18.67198753
354,2000,250000,0,1,,0,13.71474934
355,2000,250000,0,1,,1,-0.540000021
356,2000,250000,0,1,,1,-0.680000007
357,1111.223763,52965.32419,0,1,,1,3.624068022
358,2000,250000,0,1,,1,43.58962631
359,2000,250000,0,1,,1,5.144678116
360,127.9442401,702.1503099,0,1,,1,16.67614746
361,2000,250000,0,1,,1,90.68830109
362,2000,250000,0,1,,0,35.00607681
363,2000,250000,0,1,,0,0.529999971
364,354.2898917,1455.08053,0,1,,1,-0.680000007
365,2000,250000,0,1,,1,-1.923063993
366,2000,250000,0,1,,1,50.87398529
367,1729.822069,143636.8609,0,1,,1,69.33144379
368,2000,250000,0,1,,1,18.8743763
369,2000,250000,0,1,,0,-0.680000007
370,2000,250000,0,1,,1,-0.519999981
371,2000,250000,0,1,,1,9.047413826
372,2000,250000,0,1,,1,40.67832184
373,954.7755882,46764.10031,0,1,,1,0.739512861
374,2000,250000,0,1,,1,76.19081116
375,2000,250000,0,1,,1,11.42261219
376,2000,250000,0,1,,1,0
377,2000,250000,0,1,,1,23.20710373
378,2000,250000,0,1,,1,1.238811612
379,2000,250000,0,1,,1,-0.680000007
380,2000,250000,0,1,,1,-0.752291918
381,351.0725855,3787.10185,0,1,,1,31.58159256
382,1949.444295,203622.7604,0,1,,1,85.95480347
383,2000,250000,0,1,,0,45.24111176
384,2000,250000,0,1,,1,32.36587524
385,2000,250000,0,1,,1,-0.589999974
386,2000,250000,0,1,,1,16.90604973
387,130.6827808,732.5298859,0,1,,1,23.46841621
388,2000,250000,0,1,,1,48.41897964
389,1553.990211,118516.3278,0,1,,1,26.70077705
390,2000,250000,0,1,,1,21.19229317
391,2000,250000,0,1,,1,0
392,2000,250000,0,1,,1,61.44380569
393,1730.05697,143821.7308,0,1,,1,4.364659786
394,2000,250000,0,1,,1,9.929672241
395,1782.819001,179880.404,0,1,,1,26.11387253
396,2000,250000,0,1,,1,9.938933372
397,64.19499269,153.2784428,0,1,,1,2.918465853
398,2000,250000,0,1,,0,19.28034019
399,2000,250000,0,1,,1,23.7994976
400,2000,250000,0,1,,1,-0.540000021
401,2000,250000,0,1,,1,39.22267151
402,2000,250000,0,1,,1,2.571242571
403,2000,250000,0,1,,1,10.22916603
404,2000,250000,0,1,,1,32.85655212
405,2000,250000,0,1,,1,0.699976504
406,2000,250000,0,1,,1,11.40585709
407,1726.058458,140652.7369,0,1,,1,0.402144015
408,2000,250000,0,1,,1,64.04437256
409,2000,250000,0,1,,1,27.55591393
410,2000,250000,0,1,,1,61.10656738
411,1897.840201,234792.7222,0,1,,1,61.79177094
412,2000,250000,0,1,,1,70.48190308
413,2000,250000,0,1,,1,46.87820435
414,1729.11728,143081.2172,0,1,,0,15.46895599
415,2000,250000,0,1,,0,40.77139282
416,2000,250000,0,1,,1,-0.449459136
417,2000,250000,0,1,,1,-0.625059426
418,2000,250000,0,1,,1,-0.349999994
419,2000,250000,0,1,,1,88.43852234
420,2000,250000,0,1,,1,75.20493317
421,2000,250000,0,1,,1,73.99040985
422,2000,250000,0,1,,0,69.13883209
423,2000,250000,0,1,,1,-0.589999974
424,2000,250000,0,1,,1,-0.669343352
425,2000,250000,0,1,,1,0
426,2000,250000,0,1,,1,12.57282352
427,2000,250000,0,1,,1,16.62778091
428,2000,250000,0,1,,1,19.63832855
429,2000,250000,0,1,,1,29.68458557
430,2000,250000,0,1,,1,18.89743996
431,2000,250000,0,1,,1,40.02070618
432,2000,250000,0,1,,1,-0.680000007
433,2000,250000,0,1,,1,48.82133484
434,2000,250000,0,1,,1,19.63401222
435,1574.676326,126842.4948,0,1,,1,21.21052551
436,2000,250000,0,1,,1,18.37767982
437,1973.768441,245674.6706,0,1,,1,28.0893383
438,2000,250000,0,1,,1,58.47872162
439,2000,250000,0,1,,1,-0.680000007
440,2000,250000,0,1,,1,41.67025375
441,2000,250000,0,1,,1,82.98150635
442,2000,250000,0,1,,1,46.20459366
443,1865.312918,157903.1482,0,1,,0,47.88909149
444,1728.412462,142524.1027,0,1,,1,5.868005276
445,2000,250000,0,1,,1,3.812548637
446,2000,250000,0,1,,1,-0.589999974
447,2000,250000,0,1,,0,104.7260208
448,2000,250000,0,1,,1,-0.680000007
449,2000,250000,0,1,,0,-0.330000013
450,2000,250000,0,1,,1,43.3000946
451,2000,250000,0,1,,1,-0.519999981
452,2000,250000,0,1,,0,39.92255402
453,2000,250000,0,1,,1,11.06704235
454,2000,250000,0,1,,1,-0.419999987
455,2000,250000,0,1,,1,60.01974487
456,2000,250000,0,1,,1,21.03330612
457,2000,250000,0,1,,1,3.699892759
458,2000,250000,0,1,,1,43.27000046
459,2000,250000,0,1,,1,-0.680000007
460,2000,250000,0,1,,1,36.41468048
461,1897.995317,234838.8676,0,1,,0,45.62112427
462,131.1681432,737.9800697,0,1,,1,104.8066254
463,2000,250000,0,1,,0,49.70246506
464,2000,250000,0,1,,1,50.51236725
465,2000,250000,0,1,,1,80.5625
466,2000,250000,0,1,,1,-0.519999981
467,2000,250000,0,1,,1,23.78044128
468,121.7824381,636.1476722,0,1,,1,-0.680000007
469,2000,250000,0,1,,1,21.40322113
470,1719.597917,135434.3042,0,1,,1,53.13913727
471,1898.150404,234884.9343,0,1,,0,21.79509735
472,2000,250000,0,1,,1,-0.680000007
473,1730.580782,144233.2231,0,1,,1,57.608181
474,2000,250000,0,1,,1,-0.659698367
475,808.3261473,23512.1673,0,1,,1,2.738084555
476,101.0445294,437.9388782,0,1,,1,12.8315897
477,2000,250000,0,1,,1,12.61041641
478,2000,250000,0,1,,1,78.42053986
479,2000,250000,0,1,,1,2.248438835
480,2000,250000,0,1,,1,9.283009529
481,2000,250000,0,1,,1,1.117372155
482,119.8717027,616.3412572,0,1,,1,48.96660614
483,2000,250000,0,1,,1,77.134758
484,2000,250000,0,1,,1,66.76842499
485,1107.607769,52621.17989,0,1,,1,76.54431915
486,2000,250000,0,1,,0,62.019104
487,138.6990467,825.1536844,0,1,,1,17.06864357
488,2000,250000,0,1,,1,57.36973953
489,1285.778262,60742.93676,0,1,,1,-0.680000007
490,2000,250000,0,1,,1,12.91253185
491,2000,250000,0,1,,1,84.56300354
492,2000,250000,0,1,,1,29.89701462
493,112.34097,541.3326588,0,1,,0,58.19016266
494,1896.599359,234421.0608,0,1,,1,-0.680000007
495,2000,250000,0,1,,0,27.10856056
496,2000,250000,0,1,,0,-0.680000007
497,2000,250000,0,1,,1,78.40536499
498,2000,250000,0,1,,1,-0.100169361
499,2000,250000,0,1,,1,-0.680000007
500,2000,250000,0,1,,0,10.77867508
501,2000,250000,0,1,,0,-0.589999974
502,1897.685114,234746.5153,0,1,,1,9.289431572
503,2000,250000,0,1,,1,42.78530884
504,2000,250000,0,1,,1,-0.519999981
505,2000,250000,0,1,,1,-0.680000007
506,2000,250000,0,1,,1,-0.680000007
507,2000,250000,0,1,,1,58.0680542
508,2000,250000,0,1,,1,33.70862579
509,2000,250000,0,1,,1,47.45430756
510,2000,250000,0,1,,1,13.79424
511,2000,250000,0,1,,1,13.00567436
512,2000,250000,0,1,,1,40.5109024
513,1954.31889,244150.0343,0,1,,1,25.94743347
514,124.5208081,665.0778352,0,1,,1,0
515,2000,250000,0,1,,1,93.09138489
516,2000,250000,0,1,,1,27.01739883
517,2000,250000,0,1,,1,20.54608536
518,2000,250000,0,1,,1,15.1809063
519,2000,250000,0,1,,1,22.7383976
520,1728.882292,142895.6346,0,1,,0,29.88079643
521,2000,250000,0,1,,1,4.479207993
522,2000,250000,0,1,,1,7.525494576
523,1380.249914,63058.31062,0,1,,1,-0.540000021
524,136.1595208,795.215144,0,1,,1,76.86707306
525,1586.925365,143980.5286,0,1,,1,4.450367451
526,2000,250000,0,1,,1,52.6675415
527,2000,250000,0,1,,1,43.106987
528,123.1515378,650.5314413,0,1,,0,33.08270264
529,2000,250000,0,1,,1,0
530,131.3673306,740.224344,0,1,,1,67.91056824
531,1901.194224,156077.8984,0,1,,1,-0.680000007
532,2000,250000,0,1,,1,64.44935608
533,2000,250000,0,1,,0,2.645724535
534,1727.350526,141681.7946,0,1,,1,2.509379148
535,2000,250000,0,1,,1,2.035105705
536,2000,250000,0,1,,1,63.20600128
537,2000,250000,0,1,,1,8.967483521
538,2000,250000,0,1,,1,16.27861595
539,2000,250000,0,1,,1,88.96381378
540,108.5752621,505.6495961,0,1,,1,7.891679764
541,1731.226845,144739.8689,0,1,,1,-0.259760559
542,2000,250000,0,1,,1,20.39101219
543,82.21718536,289.9433159,0,1,,1,61.49183273
544,2000,250000,0,1,,0,-0.680000007
545,2000,250000,0,1,,1,65.5602417
546,2000,250000,0,1,,1,18.86192894
547,2000,250000,0,1,,1,30.83455086
548,2000,250000,0,1,,1,-0.379999995
549,2000,250000,0,1,,1,6.152236462
550,2000,250000,0,1,,1,78.97442627
551,2000,250000,0,1,,1,-0.679064751
552,1073.981071,39338.56221,0,1,,1,17.76211929
553,2000,250000,0,1,,0,22.59073639
554,2000,250000,0,1,,1,24.75050735
555,2000,250000,0,1,,1,83.19606781
556,2000,250000,0,1,,1,37.46408463
557,2000,250000,0,1,,0,13.39669609
558,2000,250000,0,1,,0,-0.680000007
559,2000,250000,0,1,,1,102.349617
560,2000,250000,0,1,,1,28.66952896
561,2000,250000,0,1,,1,2.366417408
562,2000,250000,0,1,,1,-0.680000007
563,2000,250000,0,1,,0,-0.680000007
564,2000,250000,0,1,,1,21.3932457
565,2000,250000,0,1,,1,77.36553192
566,2000,250000,0,1,,1,49.53944016
567,2000,250000,0,1,,1,51.69093704
568,2000,250000,0,1,,0,-0.680000007
569,1721.536077,137012.6033,0,1,,1,6.421771526
570,312.1680741,4140.46061,0,1,,1,71.24130249
571,2000,250000,0,1,,1,78.06388092
572,2000,250000,0,1,,0,16.46969414
573,2000,250000,0,1,,1,-0.349999994
574,2000,250000,0,1,,1,59.56448364
575,2000,250000,0,1,,0,0
576,2000,250000,0,1,,1,67.11135101
577,445.1663388,12440.96345,0,1,,1,-0.680000007
578,2000,250000,0,1,,1,28.19879532
579,2000,250000,0,1,,1,11.31442451
580,2000,250000,0,1,,1,-0.519999981
581,2000,250000,0,1,,1,14.60186958
582,125.2055287,672.4122642,0,1,,1,61.83167648
583,2000,250000,0,1,,0,6.407410622
584,2000,250000,0,1,,1,24.08560944
585,2000,250000,0,1,,1,-0.589999974
586,129.9980603,724.8737247,0,1,,1,-0.666497231
587,2000,250000,0,1,,1,8.391564369
588,1718.951883,134905.7878,0,1,,1,-0.319999993
589,2000,250000,0,1,,1,49.42086411
590,2000,250000,0,1,,1,0.994931221
591,2000,250000,0,1,,1,4.556417465
592,469.4108778,9072.082065,0,1,,1,30.75709724
593,2000,250000,0,1,,1,20.23764038
594,2000,250000,0,1,,1,-0.486656725
595,2000,250000,0,1,,1,40.59187317
596,2000,250000,0,1,,1,12.90825081
597,2000,250000,0,1,,1,66.55197906
598,2000,250000,0,1,,1,11.25277233
599,2000,250000,0,1,,1,31.70718384
600,2000,250000,0,1,,1,21.40469933
601,2000,250000,0,1,,1,-0.479999989
602,1729.234701,143173.8903,0,1,,1,2.785807133
603,1022.257086,38399.54181,0,1,,1,24.81426811
604,2000,250000,0,1,,1,15.73042297
605,2000,250000,0,1,,1,29.68564224
606,2000,250000,0,1,,1,24.28738403
607,1023.616842,30200.44034,0,1,,1,19.73044395
608,2000,250000,0,1,,1,0.580037832
609,2000,250000,0,1,,0,29.74407578
610,2000,250000,0,1,,1,-0.447225302
611,1722.182139,137536.2783,0,1,,1,-1.814933062
612,2000,250000,0,1,,0,34.43232727
613,2000,250000,0,1,,1,26.91360092
614,2000,250000,0,1,,1,-0.680000007
615,2000,250000,0,1,,1,3.577152729
616,2000,250000,0,1,,1,24.04855919
617,2000,250000,0,1,,1,-0.495054126
618,1641.437049,134455.3076,0,1,,0,28.58085632
619,2000,250000,0,1,,1,14.16600704
620,2000,250000,0,1,,1,61.67661667
621,2000,250000,0,1,,1,42.68057632
622,2000,250000,0,1,,1,44.13254547
623,2000,250000,0,1,,1,1.353790522
624,1904.371651,209028.3125,0,1,,1,25.51613045
625,2000,250000,0,1,,1,4.030339718
626,2000,250000,0,1,,1,67.09049988
627,1103.087863,52192.58497,0,1,,1,-0.670000017
628,2000,250000,0,1,,1,58.27843857
629,2000,250000,0,1,,1,29.5273304
630,2000,250000,0,1,,1,0
631,1894.285672,185815.5229,0,1,,1,8.567878723
632,2000,250000,0,1,,0,25.22542572
633,2000,250000,0,1,,1,73.104599
634,2000,250000,0,1,,0,15.01944733
635,2000,250000,0,1,,0,30.504776
636,2000,250000,0,1,,1,-0.540000021
637,2000,250000,0,1,,1,47.23064041
638,2000,250000,0,1,,1,19.7288475
639,97.27882155,405.9050867,0,1,,1,-0.519999981
640,2000,250000,0,1,,1,36.63418198
641,2000,250000,0,1,,1,10.47258282
642,2000,250000,0,1,,0,0
643,2000,250000,0,1,,1,1.681992769
644,2000,250000,0,1,,1,22.61264992
645,2000,250000,0,1,,1,8.479657173
646,2000,250000,0,1,,1,28.98262405
647,2000,250000,0,1,,1,26.37522316
648,773.9020618,34986.37203,0,1,,1,48.23530579
649,135.4751417,787.2412483,0,1,,1,0
650,2000,250000,0,1,,1,12.81752682
651,2000,250000,0,1,,1,6.364552975
652,2000,250000,0,1,,1,2.218144655
653,2000,250000,0,1,,1,27.59031868
654,2000,250000,0,1,,1,34.57861328
655,1429.41529,81098.26027,0,1,,1,77.16186523
656,2000,250000,0,1,,1,73.85134125
657,2000,250000,0,1,,1,34.66836929
658,2000,250000,0,1,,1,14.72261715
659,116.1061656,578.2271192,0,1,,1,7.371845245
660,2000,250000,0,1,,1,61.9578476
661,2000,250000,0,1,,1,50.38532639
662,70.9207448,215.7418842,0,1,,0,10.45381451
663,2000,250000,0,1,,1,6.221152782
664,2000,250000,0,1,,1,62.42184067
665,2000,250000,0,1,,1,64.47588348
666,2000,250000,0,1,,1,-0.680000007
667,2000,250000,0,1,,0,-0.589999974
668,2000,250000,0,1,,1,18.37443733
669,2000,250000,0,1,,1,52.74663925
670,2000,250000,0,1,,1,27.49988174
671,1725.412395,140136.3602,0,1,,1,59.38015747
672,2000,250000,0,1,,1,-0.680000007
673,1848.30415,193489.3969,0,1,,1,80.31626892
674,1729.70459,143544.3426,0,1,,1,3.081465006
675,2000,250000,0,1,,1,13.65330029
676,2000,250000,0,1,,1,30.55843353
677,2000,250000,0,1,,1,-0.680000007
678,2000,250000,0,1,,0,66.45028687
679,2000,250000,0,1,,1,75.27140045
680,2000,250000,0,1,,1,21.62473297
681,2000,250000,0,1,,1,4.274008274
682,2000,250000,0,1,,1,19.69605446
683,2000,250000,0,1,,1,78.47528839
684,2000,250000,0,1,,1,17.74630165
685,127.2595196,694.6550096,0,1,,1,23.41051292
686,2000,250000,0,1,,1,-0.680000007
687,2000,250000,0,1,,1,-0.65999186
688,2000,250000,0,1,,1,75.77120209
689,2000,250000,0,1,,1,34.56349182
690,2000,250000,0,1,,1,87.62752533
691,2000,250000,0,1,,1,48.46040726
692,2000,250000,0,1,,0,0
693,134.1058714,771.4081057,0,1,,0,-0.680000007
694,2000,250000,0,1,,1,62.8521843
695,2000,250000,0,1,,1,40.83600616
696,2000,250000,0,1,,1,-0.680000007
697,2000,250000,0,1,,0,-0.680000007
698,1113.936014,53224.19299,0,1,,0,-0.680000007
699,2000,250000,0,,,1,3.598402739
700,2000,250000,0,,,1,62.22717667
701,2000,250000,0,,,1,-0.680000007
702,2000,250000,0,,,1,-0.680000007
703,2000,250000,0,,,1,13.55282402
704,2000,250000,0,,,1,56.30983734
705,132.0520512,747.960936,0,,,1,16.13463974
706,2000,250000,0,,,1,-0.589999974
707,2000,250000,0,,,1,19.37888527
708,1922.072441,229425.7803,0,,,0,49.90461731
709,1730.409379,144098.7801,0,,,1,-0.419999987
710,2000,250000,0,,,1,75.84165192
711,2000,250000,0,,,1,69.61818695
712,2000,250000,0,,,1,-0.540000021
713,2000,250000,0,,,1,7.735593796
714,2000,250000,0,,,1,18.25693512
715,2000,250000,0,,,0,43.27000046
716,2000,250000,0,,,1,18.86829567
717,2000,250000,0,,,1,49.40545654
718,2000,250000,0,,,0,79.47058868
719,126.5746283,687.1980757,0,,,1,-0.680000007
720,1730.174391,143914.0823,0,,,0,23.4339447
721,2000,250000,0,,,0,69.3706131
722,2000,250000,0,,,0,-0.680000007
723,2000,250000,0,,,1,16.62358093
724,2000,250000,0,,,1,-0.680000007
725,2000,250000,0,,,1,-0.357281774
726,2000,250000,0,,,1,-0.520008922
727,2000,250000,0,,,1,83.27144623
728,2000,250000,0,,,1,4.297664642
729,2000,250000,0,,,1,0
730,2000,250000,0,,,1,-0.598323941
731,67.15554918,193.4424128,0,,,0,14.90503216
732,2000,250000,0,,,0,18.41425896
733,2000,250000,0,,,1,3.447089195
734,63.39001211,172.357251,0,,,1,44.0872345
735,2000,250000,0,,,1,-0.589999974
736,2015.927313,247572.5918,0,,,1,85.0391922
737,2000,250000,0,,,1,21.168787
738,2000,250000,0,,,1,59.5933075
739,2000,250000,0,,,1,91.43081665
740,1828.018269,196160.7116,0,,,0,31.33744049
741,1868.171685,203071.9848,0,,,1,0
742,78.45164829,263.9927717,0,,,1,48.47454071
743,2000,250000,0,,,1,5.619583607
744,2000,250000,0,,,1,10.35681725
745,2000,250000,0,,,1,0.028244581
746,2000,250000,0,,,0,50.15981293
747,2000,250000,0,,,1,-0.680000007
748,2000,250000,0,,,1,89.66187286
749,2000,250000,0,,,1,-0.680000007
750,2000,250000,0,,,1,24.36477852
751,2000,250000,0,,,0,36.60381317
752,1958.313276,246629.6143,0,,,1,37.55896378
753,2000,250000,0,,,1,68.12052155
754,2000,250000,0,,,1,-0.680000007
755,2000,250000,0,,,1,39.24473953
756,2000,250000,0,,,0,103.6090851
757,2000,250000,0,,,1,4.027207375
758,2000,250000,0,,,1,0.699266195
759,2000,250000,0,,,1,47.45770645
760,2000,250000,0,,,1,46.79476166
761,2000,250000,0,,,1,40.12429428
762,1769.568138,191210.5118,0,,,1,-0.680000007
763,2000,250000,0,,,1,58.30980682
764,2280.985241,201389.2579,0,,,1,52.19125748
765,1444.782793,98885.69335,0,,,1,22.93237686
766,2000,250000,0,,,1,69.88180542
767,1728.642622,142706.0104,0,,,1,49.72202682
768,2000,250000,0,,,0,77.70797729
769,2000,250000,0,,,1,48.47700119
770,2000,250000,0,,,1,26.13687515
771,2000,250000,0,,,1,-0.680000007
772,2000,250000,0,,,,27.24575233
773,2000,250000,0,,,,0.853151917
774,2000,250000,0,,,,51.59975815
775,129.3133397,717.2577835,0,,,,
776,2000,250000,0,,,,
777,2000,250000,0,,,,
778,2000,250000,0,,,,
779,2000,250000,0,,,,
780,2000,250000,0,,,,
781,2000,250000,0,,,,
782,2000,250000,0,,,,
783,2000,250000,0,,,,
784,1720.890043,136487.7359,0,,,,
785,2000,250000,0,,,,
786,2000,250000,0,,,,
787,2000,250000,0,,,,
788,2000,250000,0,,,,
789,1897.530027,234700.2384,0,,,,
790,1931.618567,228477.0273,0,,,,
791,2000,250000,0,,,,
792,2000,250000,0,,,,
793,2000,250000,0,,,,
794,125.8905906,679.7906007,0,,,,
795,2000,250000,0,,,,
796,2000,250000,0,,,,
797,2000,250000,0,,,,
798,2000,250000,0,,,,
799,2000,250000,0,,,,
800,2000,250000,0,,,,
801,2000,250000,0,,,,
802,2000,250000,0,,,,
803,2000,250000,0,,,,
804,2000,250000,0,,,,
805,2000,250000,0,,,,
806,2000,250000,0,,,,
807,2000,250000,0,,,,
808,2000,250000,0,,,,
809,2000,250000,0,,,,
810,1105.799772,52449.52837,0,,,,
811,2000,250000,0,,,,
812,2000,250000,0,,,,
813,2000,250000,0,,,,
814,2000,250000,0,,,,
815,1728.529971,142617.0865,0,,,,
816,2000,250000,0,,,,
