OBJECTID,OBJECTID_1,COUNT,AREA,SUM,Flooded
1,1,2500,250000,0,0
2,2,2500,250000,0,0
3,3,2500,250000,0,0
4,4,2500,250000,0,0
5,5,2500,250000,0,0
6,6,2500,250000,0,0
7,7,2500,250000,0,0
8,8,2500,250000,0,0
9,9,2500,250000,0,0
10,10,2500,250000,0,0
11,11,2500,250000,0,0
12,12,2500,250000,8,1
13,13,2500,250000,0,0
14,14,2500,250000,0,0
15,15,2500,250000,0,0
16,16,2500,250000,1416,1
17,17,2500,250000,445,1
18,18,2500,250000,0,0
19,19,2500,250000,0,0
20,20,2500,250000,0,0
21,21,2500,250000,0,0
22,22,2500,250000,0,0
23,23,2500,250000,0,0
24,24,2500,250000,0,0
25,25,2500,250000,0,0
26,26,2500,250000,0,0
27,27,2500,250000,651,1
28,28,2500,250000,0,0
29,29,2500,250000,0,0
30,30,66,6600,0,0
31,31,2500,250000,0,0
32,32,2500,250000,0,0
33,33,2500,250000,0,0
34,34,2500,250000,0,0
35,35,2500,250000,0,0
36,36,1850,185000,36,1
37,37,2500,250000,0,0
38,38,2500,250000,0,0
39,39,2500,250000,0,0
40,40,2500,250000,0,0
41,41,2500,250000,0,0
42,42,2500,250000,0,0
43,43,2500,250000,0,0
44,44,2500,250000,661,1
45,45,2500,250000,0,0
46,46,682,68200,0,0
47,47,2500,250000,0,0
48,48,2500,250000,0,0
49,49,2500,250000,1394,1
50,50,2500,250000,0,0
51,51,2500,250000,0,0
52,52,2500,250000,1,1
53,53,2500,250000,0,0
54,54,2500,250000,481,1
55,55,2500,250000,0,0
56,56,2500,250000,0,0
57,57,2500,250000,0,0
58,58,200,20000,0,0
59,59,1266,126600,0,0
60,60,2500,250000,0,0
61,61,2500,250000,0,0
62,62,2500,250000,0,0
63,63,2500,250000,0,0
64,64,2500,250000,0,0
65,65,2500,250000,0,0
66,66,2500,250000,2497,1
67,67,2500,250000,0,0
68,68,2500,250000,0,0
69,69,2500,250000,0,0
70,70,2500,250000,0,0
71,71,2500,250000,0,0
72,72,2500,250000,0,0
73,73,2500,250000,0,0
74,74,2500,250000,0,0
75,75,1285,128500,0,0
76,76,2500,250000,0,0
77,77,2500,250000,0,0
78,78,2500,250000,38,1
79,79,2500,250000,0,0
80,80,2500,250000,0,0
81,81,2500,250000,0,0
82,82,2500,250000,0,0
83,83,2500,250000,603,1
84,84,2500,250000,0,0
85,85,2500,250000,560,1
86,86,2500,250000,0,0
87,87,2500,250000,0,0
88,88,2500,250000,0,0
89,89,2500,250000,0,0
90,90,2500,250000,0,0
91,91,2500,250000,0,0
92,92,2500,250000,1120,1
93,93,2500,250000,0,0
94,94,1656,165600,0,0
95,95,2500,250000,0,0
96,96,2500,250000,0,0
97,97,2500,250000,0,0
98,98,2500,250000,0,0
99,99,2500,250000,0,0
100,100,2500,250000,0,0
101,101,2500,250000,187,1
102,102,2500,250000,0,0
103,103,2500,250000,0,0
104,104,2500,250000,0,0
105,105,2500,250000,0,0
106,106,2500,250000,565,1
107,107,2500,250000,0,0
108,108,2500,250000,0,0
109,109,2500,250000,0,0
110,110,2500,250000,0,0
111,111,2500,250000,0,0
112,112,2500,250000,0,0
113,113,2500,250000,0,0
114,114,2500,250000,0,0
115,115,2500,250000,2194,1
116,116,2500,250000,0,0
117,117,2500,250000,0,0
118,118,2500,250000,0,0
119,119,2500,250000,0,0
120,120,2500,250000,0,0
121,121,2500,250000,0,0
122,122,2500,250000,0,0
123,123,2500,250000,0,0
124,124,2000,200000,0,0
125,125,2500,250000,0,0
126,126,2500,250000,0,0
127,127,2500,250000,75,1
128,128,2500,250000,0,0
129,130,2500,250000,0,0
130,131,2500,250000,0,0
131,132,2500,250000,0,0
132,133,2500,250000,0,0
133,134,1177,117700,0,0
134,135,1450,145000,0,0
135,136,2500,250000,204,1
136,137,2500,250000,0,0
137,138,2500,250000,0,0
138,139,2500,250000,0,0
139,140,2500,250000,115,1
140,141,2500,250000,0,0
141,142,2500,250000,1814,1
142,143,2500,250000,0,0
143,144,2500,250000,0,0
144,145,2500,250000,0,0
145,146,2500,250000,0,0
146,147,2500,250000,1155,1
147,148,2500,250000,0,0
148,149,1700,170000,0,0
149,150,2500,250000,0,0
150,151,2500,250000,0,0
151,152,1650,165000,0,0
152,153,2500,250000,0,0
153,154,2500,250000,0,0
154,155,2500,250000,0,0
155,156,2500,250000,0,0
156,157,2500,250000,0,0
157,158,1600,160000,0,0
158,159,1200,120000,0,0
159,160,2500,250000,0,0
160,161,2500,250000,0,0
161,162,2500,250000,0,0
162,163,1569,156900,0,0
163,164,2500,250000,387,1
164,165,2500,250000,0,0
165,166,1300,130000,0,0
166,167,2500,250000,405,1
167,168,2500,250000,0,0
168,169,2500,250000,0,0
169,170,2500,250000,0,0
170,171,2500,250000,88,1
171,172,2500,250000,0,0
172,173,2500,250000,0,0
173,174,2500,250000,0,0
174,175,2500,250000,0,0
175,176,2500,250000,0,0
176,177,2500,250000,0,0
177,178,2500,250000,0,0
178,179,2500,250000,0,0
179,180,2500,250000,2500,1
180,181,1400,140000,0,0
181,182,2500,250000,19,1
182,183,2500,250000,0,0
183,184,2500,250000,0,0
184,185,2500,250000,739,1
185,186,2500,250000,0,0
186,187,1350,135000,0,0
187,188,2500,250000,0,0
188,189,2500,250000,0,0
189,190,2500,250000,0,0
190,191,2500,250000,0,0
191,192,2500,250000,0,0
192,193,2050,205000,0,0
193,194,2500,250000,0,0
194,195,200,20000,0,0
195,196,2500,250000,0,0
196,197,2500,250000,0,0
197,198,2500,250000,1046,1
198,199,2500,250000,0,0
199,200,2500,250000,0,0
200,201,2500,250000,0,0
201,202,2500,250000,0,0
202,203,2500,250000,0,0
203,204,2500,250000,0,0
204,205,2500,250000,0,0
205,206,2500,250000,0,0
206,207,2500,250000,2500,1
207,208,2500,250000,0,0
208,209,2500,250000,0,0
209,210,2500,250000,20,1
210,211,2500,250000,0,0
211,212,2500,250000,0,0
212,213,2500,250000,315,1
213,214,2500,250000,0,0
214,215,2500,250000,0,0
215,216,2500,250000,201,1
216,217,2500,250000,0,0
217,218,2500,250000,418,1
218,219,2500,250000,0,0
219,220,2500,250000,0,0
220,221,2500,250000,0,0
221,222,2500,250000,0,0
222,223,2500,250000,0,0
223,224,2500,250000,0,0
224,225,2500,250000,0,0
225,226,2500,250000,0,0
226,227,2500,250000,0,0
227,228,2500,250000,758,1
228,229,2500,250000,0,0
229,230,2500,250000,0,0
230,231,160,16000,0,0
231,232,2500,250000,0,0
232,233,2500,250000,108,1
233,234,2500,250000,0,0
234,235,2500,250000,0,0
235,236,2500,250000,0,0
236,237,2500,250000,0,0
237,238,2500,250000,2138,1
238,239,2500,250000,2209,1
239,240,150,15000,0,0
240,241,2500,250000,0,0
241,242,2500,250000,0,0
242,243,2500,250000,122,1
243,244,2500,250000,459,1
244,245,2050,205000,0,0
245,246,2500,250000,0,0
246,247,2500,250000,936,1
247,248,2500,250000,0,0
248,249,2500,250000,0,0
249,250,2500,250000,0,0
250,251,2500,250000,0,0
251,252,2500,250000,54,1
252,253,2500,250000,0,0
253,254,2500,250000,0,0
254,255,2500,250000,0,0
255,256,2500,250000,1273,1
256,257,2500,250000,0,0
257,258,2500,250000,0,0
258,259,2500,250000,0,0
259,260,2500,250000,0,0
260,261,2500,250000,488,1
261,262,2500,250000,0,0
262,263,2500,250000,0,0
263,264,2500,250000,0,0
264,265,2500,250000,0,0
265,266,2500,250000,0,0
266,267,2500,250000,0,0
267,268,2500,250000,0,0
268,269,200,20000,0,0
269,270,2500,250000,0,0
270,271,2500,250000,0,0
271,272,2500,250000,0,0
272,273,2500,250000,0,0
273,274,2500,250000,0,0
274,275,243,24300,0,0
275,276,2500,250000,0,0
276,277,2500,250000,0,0
277,278,2500,250000,10,1
278,279,2500,250000,0,0
279,280,2500,250000,0,0
280,281,2500,250000,0,0
281,282,2500,250000,105,1
282,283,2500,250000,0,0
283,284,2500,250000,0,0
284,285,800,80000,0,0
285,286,2500,250000,2500,1
286,287,2500,250000,0,0
287,288,2500,250000,0,0
288,289,2500,250000,0,0
289,290,2500,250000,0,0
290,292,2500,250000,2206,1
291,293,2500,250000,0,0
292,294,2500,250000,0,0
293,295,2500,250000,0,0
294,296,2500,250000,0,0
295,297,2500,250000,0,0
296,298,2500,250000,0,0
297,299,2500,250000,0,0
298,300,2500,250000,0,0
299,301,2500,250000,0,0
300,302,2500,250000,0,0
301,303,2500,250000,0,0
302,304,2500,250000,0,0
303,305,2500,250000,0,0
304,306,2500,250000,0,0
305,307,2500,250000,0,0
306,308,2500,250000,0,0
307,309,2500,250000,0,0
308,310,2500,250000,48,1
309,311,2500,250000,0,0
310,312,2500,250000,0,0
311,313,2500,250000,0,0
312,314,2500,250000,0,0
313,315,2500,250000,0,0
314,316,2500,250000,0,0
315,317,2500,250000,2282,1
316,318,2500,250000,0,0
317,319,2500,250000,0,0
318,320,2150,215000,0,0
319,321,2500,250000,0,0
320,322,2500,250000,0,0
321,323,2500,250000,2431,1
322,324,2500,250000,0,0
323,325,2500,250000,0,0
324,326,2500,250000,0,0
325,327,1100,110000,0,0
326,328,2500,250000,1123,1
327,329,2500,250000,0,0
328,330,2500,250000,0,0
329,331,2500,250000,12,1
330,332,2500,250000,0,0
331,333,2500,250000,0,0
332,334,2500,250000,0,0
333,335,2500,250000,0,0
334,336,2500,250000,802,1
335,337,2500,250000,0,0
336,338,2500,250000,1574,1
337,339,2500,250000,0,0
338,340,2500,250000,284,1
339,341,2500,250000,0,0
340,342,75,7500,0,0
341,343,2500,250000,0,0
342,344,2500,250000,456,1
343,345,2500,250000,0,0
344,346,2500,250000,0,0
345,347,2500,250000,0,0
346,348,2500,250000,0,0
347,349,2500,250000,0,0
348,350,2500,250000,182,1
349,351,2500,250000,0,0
350,352,2500,250000,0,0
351,353,2500,250000,0,0
352,354,39,3900,0,0
353,355,2500,250000,0,0
354,356,2500,250000,0,0
355,357,2500,250000,0,0
356,358,2500,250000,0,0
357,359,2500,250000,0,0
358,360,2500,250000,11,1
359,361,2500,250000,0,0
360,362,2500,250000,0,0
361,363,2500,250000,710,1
362,364,2500,250000,0,0
363,365,2500,250000,0,0
364,366,2500,250000,0,0
365,367,2500,250000,0,0
366,368,2500,250000,0,0
367,369,2500,250000,0,0
368,370,2500,250000,795,1
369,371,2500,250000,0,0
370,372,2500,250000,0,0
371,373,2500,250000,0,0
372,374,2500,250000,0,0
373,375,1748,174800,0,0
374,376,2500,250000,0,0
375,377,2500,250000,0,0
376,378,2500,250000,0,0
377,379,2500,250000,709,1
378,380,2500,250000,146,1
379,381,2500,250000,0,0
380,382,2500,250000,20,1
381,383,2500,250000,0,0
382,384,2500,250000,0,0
383,385,2500,250000,0,0
384,386,2500,250000,0,0
385,387,2500,250000,661,1
386,388,2500,250000,0,0
387,389,2500,250000,844,1
388,390,2500,250000,513,1
389,391,2500,250000,0,0
390,392,2500,250000,0,0
391,393,2500,250000,23,1
392,394,2500,250000,0,0
393,395,2500,250000,0,0
394,396,2500,250000,0,0
395,397,77,7700,0,0
396,398,2500,250000,3,1
397,399,2500,250000,0,0
398,400,2500,250000,13,1
399,401,2500,250000,0,0
400,402,2500,250000,0,0
401,403,2500,250000,0,0
402,404,2500,250000,0,0
403,405,2500,250000,0,0
404,406,2500,250000,0,0
405,407,2500,250000,0,0
406,408,2500,250000,0,0
407,409,2500,250000,0,0
408,410,2500,250000,0,0
409,411,2500,250000,0,0
410,412,2500,250000,0,0
411,413,2500,250000,0,0
412,414,2500,250000,67,1
413,415,2500,250000,0,0
414,416,2500,250000,0,0
415,417,2500,250000,0,0
416,418,2500,250000,0,0
417,419,2500,250000,0,0
418,420,2500,250000,0,0
419,421,2500,250000,0,0
420,422,2100,210000,0,0
421,423,2000,200000,0,0
422,424,550,55000,0,0
423,425,2500,250000,0,0
424,426,2500,250000,0,0
425,427,2500,250000,180,1
426,428,2500,250000,408,1
427,429,2500,250000,144,1
428,430,2500,250000,0,0
429,431,1650,165000,0,0
430,432,2500,250000,0,0
431,433,2500,250000,0,0
432,434,2500,250000,0,0
433,435,2500,250000,0,0
434,436,2500,250000,1568,1
435,437,2500,250000,0,0
436,438,2500,250000,0,0
437,439,2500,250000,0,0
438,440,2500,250000,0,0
439,441,2500,250000,1019,1
440,442,2500,250000,0,0
441,443,2500,250000,0,0
442,444,2500,250000,0,0
443,445,2500,250000,0,0
444,446,2500,250000,0,0
445,447,2500,250000,0,0
446,448,2500,250000,0,0
447,449,2500,250000,0,0
448,450,2500,250000,0,0
449,451,2500,250000,0,0
450,452,2500,250000,44,1
451,453,2500,250000,0,0
452,454,2500,250000,0,0
453,455,2500,250000,0,0
454,456,2500,250000,120,1
455,457,2500,250000,0,0
456,458,2500,250000,695,1
457,459,2500,250000,0,0
458,460,2500,250000,0,0
459,461,2500,250000,0,0
460,462,2500,250000,0,0
461,463,2500,250000,2500,1
462,464,2500,250000,0,0
463,465,2500,250000,0,0
464,466,2500,250000,705,1
465,467,2500,250000,0,0
466,468,2500,250000,0,0
467,469,2500,250000,0,0
468,470,2500,250000,0,0
469,471,2500,250000,0,0
470,472,2500,250000,0,0
471,473,2500,250000,0,0
472,474,2500,250000,0,0
473,475,1400,140000,0,0
474,476,2500,250000,0,0
475,477,2500,250000,0,0
476,478,2500,250000,478,1
477,479,2500,250000,0,0
478,480,2500,250000,0,0
479,481,2500,250000,0,0
480,482,2500,250000,0,0
481,483,2500,250000,0,0
482,484,2500,250000,0,0
483,485,2500,250000,0,0
484,486,2500,250000,1220,1
485,487,2500,250000,0,0
486,488,2500,250000,0,0
487,489,2500,250000,0,0
488,490,2000,200000,0,0
489,491,2500,250000,1147,1
490,492,2500,250000,0,0
491,493,2500,250000,0,0
492,494,2500,250000,0,0
493,495,2500,250000,0,0
494,496,2500,250000,0,0
495,497,2500,250000,0,0
496,498,2500,250000,0,0
497,499,2500,250000,0,0
498,500,2500,250000,0,0
499,501,2500,250000,0,0
500,502,2500,250000,325,1
501,503,1599,159900,0,0
502,504,2500,250000,0,0
503,505,2500,250000,0,0
504,506,2500,250000,0,0
505,507,2500,250000,0,0
506,508,2500,250000,0,0
507,509,2404,240400,0,0
508,510,2500,250000,0,0
509,511,550,55000,0,0
510,512,2500,250000,0,0
511,513,2500,250000,0,0
512,514,2500,250000,0,0
513,515,2500,250000,0,0
514,516,2160,216000,0,0
515,517,2500,250000,0,0
516,518,2500,250000,0,0
517,519,2500,250000,0,0
518,520,2500,250000,0,0
519,521,2500,250000,0,0
520,522,2000,200000,0,0
521,523,2500,250000,734,1
522,524,2500,250000,0,0
523,525,550,55000,0,0
524,526,2500,250000,17,1
525,527,2500,250000,0,0
526,528,2500,250000,0,0
527,529,2500,250000,0,0
528,530,2500,250000,0,0
529,531,2500,250000,0,0
530,532,2500,250000,0,0
531,533,2500,250000,0,0
532,534,2500,250000,0,0
533,535,2500,250000,0,0
534,536,2500,250000,0,0
535,537,2500,250000,0,0
536,538,2500,250000,0,0
537,539,2500,250000,0,0
538,540,1160,116000,0,0
539,541,2500,250000,0,0
540,542,2500,250000,0,0
541,543,2500,250000,0,0
542,544,2500,250000,0,0
543,545,2500,250000,0,0
544,546,2500,250000,465,1
545,547,2500,250000,0,0
546,548,2500,250000,0,0
547,549,2500,250000,0,0
548,550,2500,250000,0,0
549,551,2500,250000,0,0
550,552,819,81900,0,0
551,553,2500,250000,0,0
552,554,2500,250000,0,0
553,555,2500,250000,0,0
554,556,2500,250000,307,1
555,557,2500,250000,0,0
556,558,2500,250000,0,0
557,559,2500,250000,0,0
558,560,2500,250000,0,0
559,561,2500,250000,0,0
560,562,2500,250000,0,0
561,563,2500,250000,0,0
562,564,2500,250000,0,0
563,565,2500,250000,154,1
564,566,2500,250000,0,0
565,567,2500,250000,0,0
566,568,2500,250000,0,0
567,569,2500,250000,0,0
568,570,2500,250000,0,0
569,571,2500,250000,0,0
570,572,2500,250000,0,0
571,573,2500,250000,0,0
572,574,2150,215000,0,0
573,575,2500,250000,0,0
574,576,2500,250000,0,0
575,577,2500,250000,0,0
576,578,2500,250000,2500,1
577,579,2500,250000,0,0
578,580,2500,250000,0,0
579,581,2500,250000,349,1
580,582,2500,250000,0,0
581,583,2500,250000,744,1
582,584,2500,250000,0,0
583,585,2500,250000,0,0
584,586,2500,250000,0,0
585,587,2500,250000,736,1
586,588,2500,250000,674,1
587,589,2500,250000,0,0
588,590,2500,250000,0,0
589,591,300,30000,0,0
590,592,2500,250000,0,0
591,593,2500,250000,0,0
592,594,2500,250000,0,0
593,595,2500,250000,0,0
594,596,2500,250000,0,0
595,597,2500,250000,1984,1
596,598,2500,250000,0,0
597,599,1987,198700,116,1
598,600,2500,250000,0,0
599,601,2500,250000,0,0
600,602,2500,250000,0,0
601,603,2500,250000,0,0
602,604,2500,250000,0,0
603,605,2500,250000,0,0
604,606,2500,250000,0,0
605,607,2500,250000,0,0
606,608,2500,250000,0,0
607,609,2500,250000,0,0
608,610,2500,250000,0,0
609,611,2500,250000,0,0
610,612,2500,250000,0,0
611,613,2500,250000,69,1
612,614,50,5000,0,0
613,615,2500,250000,0,0
614,616,2500,250000,0,0
615,617,2500,250000,0,0
616,618,1834,183400,0,0
617,619,2500,250000,0,0
618,620,2500,250000,0,0
619,621,2500,250000,0,0
620,623,2500,250000,28,1
621,624,2500,250000,0,0
622,625,2500,250000,0,0
623,626,2500,250000,0,0
624,627,2500,250000,0,0
625,628,2500,250000,49,1
626,629,2500,250000,0,0
627,630,2500,250000,0,0
628,631,2500,250000,0,0
629,632,1250,125000,0,0
630,633,2500,250000,0,0
631,634,2500,250000,0,0
632,635,2500,250000,0,0
633,636,2500,250000,0,0
634,637,2500,250000,0,0
635,638,2500,250000,0,0
636,639,2500,250000,0,0
637,640,2500,250000,0,0
638,641,2500,250000,0,0
639,642,2500,250000,0,0
640,643,2500,250000,574,1
641,644,2500,250000,0,0
642,645,2500,250000,0,0
643,646,2500,250000,0,0
644,647,2500,250000,0,0
645,648,2500,250000,0,0
646,649,2500,250000,0,0
647,650,2500,250000,0,0
648,651,2500,250000,114,1
649,652,2500,250000,0,0
650,653,2500,250000,34,1
651,654,2500,250000,0,0
652,655,2500,250000,0,0
653,656,2500,250000,0,0
654,657,2500,250000,0,0
655,658,2500,250000,0,0
656,659,2500,250000,0,0
657,660,2500,250000,0,0
658,661,2500,250000,0,0
659,662,2500,250000,0,0
660,663,2500,250000,0,0
661,664,782,78200,0,0
662,665,1400,140000,0,0
663,666,2500,250000,0,0
664,667,2500,250000,0,0
665,668,2500,250000,0,0
666,669,2500,250000,0,0
667,670,2500,250000,0,0
668,671,2500,250000,0,0
669,672,2500,250000,0,0
670,673,2500,250000,0,0
671,674,2500,250000,0,0
672,675,1100,110000,0,0
673,676,2500,250000,0,0
674,677,2500,250000,2500,1
675,678,2500,250000,0,0
676,679,2500,250000,0,0
677,680,2500,250000,1704,1
678,681,2500,250000,0,0
679,682,2500,250000,0,0
680,683,2500,250000,0,0
681,684,2500,250000,0,0
682,685,2500,250000,0,0
683,686,2500,250000,0,0
684,687,2500,250000,0,0
685,688,2500,250000,0,0
686,689,2500,250000,0,0
687,690,2500,250000,0,0
688,691,2438,243800,0,0
689,692,2500,250000,0,0
690,693,2250,225000,0,0
691,694,2500,250000,0,0
692,695,2500,250000,0,0
693,696,2300,230000,131,1
694,697,2500,250000,0,0
695,698,2500,250000,0,0
696,699,2500,250000,0,0
697,700,550,55000,0,0
698,701,2500,250000,0,0
699,702,2500,250000,0,0
700,703,2500,250000,0,0
701,704,2500,250000,0,0
702,705,2500,250000,0,0
703,706,2500,250000,67,1
704,707,2273,227300,0,0
705,708,2500,250000,0,0
706,709,2500,250000,0,0
707,710,2500,250000,1173,1
708,711,2500,250000,2049,1
709,712,2500,250000,0,0
710,713,2500,250000,0,0
711,714,2500,250000,177,1
712,715,2500,250000,0,0
713,716,1100,110000,0,0
714,717,2500,250000,0,0
715,718,2500,250000,0,0
716,719,2500,250000,0,0
717,720,2500,250000,0,0
718,721,2500,250000,0,0
719,722,2500,250000,44,1
720,723,2500,250000,201,1
721,724,2500,250000,0,0
722,725,2500,250000,0,0
723,726,2500,250000,0,0
724,727,2500,250000,0,0
725,728,2500,250000,0,0
726,729,2500,250000,0,0
727,730,2500,250000,0,0
728,731,2500,250000,0,0
729,732,2500,250000,0,0
730,733,2500,250000,290,1
731,734,2500,250000,599,1
732,735,2500,250000,0,0
733,736,2500,250000,61,1
734,737,2500,250000,0,0
735,738,2050,205000,0,0
736,739,2500,250000,0,0
737,740,2500,250000,0,0
738,741,2500,250000,0,0
739,742,2500,250000,0,0
740,743,2500,250000,0,0
741,744,2500,250000,0,0
742,745,2500,250000,0,0
743,746,2500,250000,0,0
744,747,905,90500,137,1
745,748,2500,250000,0,0
746,749,415,41500,0,0
747,750,2500,250000,0,0
748,751,2500,250000,0,0
749,752,2399,239900,1667,1
750,753,2500,250000,0,0
751,754,2500,250000,8,1
752,755,200,20000,0,0
753,756,2500,250000,0,0
754,757,2500,250000,48,1
755,758,2500,250000,0,0
756,759,2500,250000,0,0
757,760,2500,250000,0,0
758,761,2500,250000,0,0
759,762,2500,250000,0,0
760,763,2500,250000,0,0
761,764,2500,250000,0,0
762,765,2500,250000,0,0
763,766,2500,250000,0,0
764,767,2500,250000,0,0
765,768,2500,250000,0,0
766,769,2500,250000,0,0
767,770,2500,250000,0,0
768,771,2500,250000,0,0
769,772,2500,250000,0,0
770,773,2500,250000,0,0
771,774,2500,250000,0,0
772,775,2500,250000,0,0
773,776,2500,250000,0,0
774,777,2500,250000,2346,1
775,778,377,37700,377,1
776,779,2500,250000,0,0
777,780,2500,250000,0,0
778,781,2500,250000,0,0
779,782,2500,250000,0,0
780,783,2500,250000,967,1
781,784,2500,250000,0,0
782,785,2500,250000,0,0
783,786,2500,250000,2500,1
784,787,2500,250000,0,0
785,788,2500,250000,0,0
786,789,2500,250000,2500,1
787,790,2500,250000,0,0
788,791,1300,130000,0,0
789,792,2500,250000,0,0
790,793,2500,250000,0,0
791,794,2075,207500,0,0
792,795,2500,250000,0,0
793,796,2500,250000,0,0
794,797,2500,250000,0,0
795,798,2500,250000,0,0
796,799,150,15000,0,0
797,800,2500,250000,469,1
798,801,2500,250000,0,0
799,802,2500,250000,0,0
800,803,2500,250000,0,0
801,804,2500,250000,0,0
802,805,2500,250000,0,0
803,806,2500,250000,0,0
804,807,2500,250000,0,0
805,808,2500,250000,0,0
806,809,2500,250000,0,0
807,810,2500,250000,0,0
808,811,2500,250000,0,0
809,812,2500,250000,0,0
810,813,2500,250000,0,0
811,814,1690,169000,0,0
812,815,32,3200,4,1
813,816,2500,250000,55,1
814,817,2500,250000,995,1
815,818,2500,250000,0,0
816,819,2500,250000,0,0
817,820,2500,250000,0,0
818,821,2500,250000,0,0
819,822,2500,250000,0,0
820,823,2500,250000,0,0
821,824,2500,250000,0,0
822,825,2500,250000,0,0
823,826,2500,250000,0,0
824,827,2500,250000,0,0
825,828,2500,250000,0,0
826,829,2500,250000,424,1
827,830,2500,250000,0,0
828,831,2500,250000,0,0
829,832,2500,250000,2252,1
830,833,2500,250000,0,0
831,834,2500,250000,0,0
832,835,2500,250000,0,0
833,836,2500,250000,0,0
834,837,2500,250000,0,0
835,838,2500,250000,149,1
836,839,2500,250000,0,0
837,840,2500,250000,0,0
838,841,2500,250000,0,0
839,842,2500,250000,33,1
840,843,2500,250000,0,0
841,844,2500,250000,0,0
842,845,2500,250000,0,0
843,846,2500,250000,0,0
844,847,730,73000,0,0
845,848,2500,250000,0,0
846,849,2500,250000,0,0
847,850,2500,250000,755,1
848,851,2500,250000,0,0
849,852,150,15000,0,0
850,853,2500,250000,2218,1
851,854,2500,250000,0,0
852,855,2500,250000,0,0
853,856,2500,250000,0,0
854,857,2500,250000,0,0
855,858,2500,250000,0,0
856,859,2500,250000,252,1
857,860,2500,250000,0,0
858,861,2500,250000,168,1
859,862,2500,250000,137,1
860,863,2500,250000,0,0
861,864,2500,250000,0,0
862,865,2500,250000,0,0
863,866,2500,250000,605,1
864,867,2500,250000,964,1
865,868,2500,250000,0,0
866,869,2500,250000,0,0
867,870,2500,250000,0,0
868,871,2500,250000,110,1
869,872,2500,250000,14,1
870,873,2500,250000,0,0
871,874,2500,250000,0,0
872,875,2500,250000,0,0
873,876,2500,250000,0,0
874,877,2500,250000,0,0
875,878,2500,250000,895,1
876,879,2500,250000,0,0
877,880,2500,250000,0,0
878,881,2500,250000,0,0
879,882,2500,250000,0,0
880,883,2500,250000,0,0
881,884,2500,250000,2500,1
882,885,2500,250000,60,1
883,886,2500,250000,161,1
884,887,850,85000,0,0
885,888,2500,250000,0,0
886,889,2500,250000,0,0
887,890,2500,250000,0,0
888,891,2500,250000,728,1
889,892,2500,250000,0,0
890,893,2500,250000,0,0
891,894,2500,250000,0,0
892,895,2500,250000,0,0
893,896,2500,250000,0,0
894,897,2500,250000,185,1
895,898,2500,250000,0,0
896,899,2500,250000,0,0
897,900,898,89800,0,0
898,901,2500,250000,0,0
899,902,2500,250000,0,0
900,903,2500,250000,0,0
901,904,1450,145000,0,0
902,905,2500,250000,2500,1
903,906,2500,250000,0,0
904,907,2500,250000,0,0
905,908,2500,250000,214,1
906,909,2500,250000,0,0
907,910,2500,250000,0,0
908,911,2500,250000,0,0
909,912,2500,250000,0,0
910,913,2500,250000,0,0
911,914,2500,250000,0,0
912,915,2500,250000,0,0
913,916,2500,250000,0,0
914,917,2500,250000,0,0
915,918,2500,250000,0,0
916,919,2500,250000,0,0
917,920,2500,250000,0,0
918,921,2500,250000,0,0
919,922,2500,250000,21,1
920,923,2500,250000,0,0
921,924,2500,250000,1999,1
922,925,2500,250000,0,0
923,926,2500,250000,0,0
924,927,2500,250000,0,0
925,928,716,71600,0,0
926,929,2500,250000,0,0
927,930,750,75000,0,0
928,931,2500,250000,0,0
929,932,2500,250000,0,0
930,933,2500,250000,0,0
931,934,2500,250000,0,0
932,935,2500,250000,0,0
933,936,2500,250000,0,0
934,937,2500,250000,2457,1
935,938,2500,250000,0,0
936,939,2500,250000,0,0
937,940,800,80000,0,0
938,941,2500,250000,0,0
939,942,2324,232400,0,0
940,943,2500,250000,0,0
941,944,1338,133800,0,0
942,945,2500,250000,0,0
943,946,2500,250000,0,0
944,947,2500,250000,16,1
945,948,2500,250000,2499,1
946,949,2500,250000,0,0
947,950,2500,250000,109,1
948,951,2500,250000,0,0
949,952,2500,250000,0,0
950,953,126,12600,126,1
951,954,2500,250000,0,0
952,955,2500,250000,0,0
953,956,2500,250000,0,0
954,957,2500,250000,0,0
955,958,2500,250000,2381,1
956,959,2500,250000,0,0
957,960,2500,250000,0,0
958,961,2500,250000,0,0
959,962,2500,250000,0,0
960,963,2500,250000,0,0
961,964,2500,250000,0,0
962,965,2500,250000,0,0
963,966,2500,250000,0,0
964,967,550,55000,0,0
965,968,2500,250000,0,0
966,969,2500,250000,0,0
967,970,2500,250000,0,0
968,971,2500,250000,0,0
969,972,2500,250000,0,0
970,973,2500,250000,0,0
971,974,2000,200000,0,0
972,975,2500,250000,0,0
973,976,1650,165000,0,0
974,977,2500,250000,22,1
975,978,2500,250000,0,0
976,979,2500,250000,0,0
977,980,2500,250000,0,0
978,981,2500,250000,0,0
979,982,1670,167000,0,0
980,983,2500,250000,0,0
981,984,2500,250000,18,1
982,985,2500,250000,0,0
983,986,2500,250000,0,0
984,987,2500,250000,0,0
985,988,2500,250000,0,0
986,989,2500,250000,0,0
987,990,2500,250000,0,0
988,991,2500,250000,2281,1
989,992,2500,250000,0,0
990,993,2500,250000,0,0
991,994,2500,250000,0,0
992,995,2500,250000,177,1
993,996,2500,250000,0,0
994,997,2500,250000,0,0
995,998,2500,250000,2500,1
996,999,2500,250000,0,0
997,1000,2500,250000,0,0
998,1001,2500,250000,0,0
999,1002,2500,250000,0,0
1000,1003,2500,250000,0,0
1001,1004,750,75000,0,0
1002,1005,2500,250000,0,0
1003,1006,2500,250000,0,0
1004,1007,2500,250000,0,0
1005,1008,2500,250000,0,0
1006,1009,2500,250000,0,0
1007,1010,2500,250000,0,0
1008,1011,2500,250000,0,0
1009,1012,2500,250000,0,0
1010,1013,2500,250000,0,0
1011,1014,2500,250000,0,0
1012,1015,2500,250000,2498,1
1013,1016,2500,250000,0,0
1014,1017,2500,250000,0,0
1015,1018,2500,250000,0,0
1016,1019,2500,250000,0,0
1017,1020,2500,250000,0,0
1018,1021,2500,250000,0,0
1019,1022,2500,250000,0,0
1020,1023,2500,250000,0,0
1021,1024,2500,250000,1143,1
1022,1025,2500,250000,0,0
1023,1026,2500,250000,0,0
1024,1027,2500,250000,0,0
1025,1028,2500,250000,0,0
1026,1029,2500,250000,0,0
1027,1030,2500,250000,2032,1
1028,1031,2500,250000,0,0
1029,1032,2500,250000,0,0
1030,1033,2500,250000,0,0
1031,1034,2500,250000,303,1
1032,1035,2500,250000,0,0
1033,1036,2500,250000,0,0
1034,1037,2500,250000,0,0
1035,1038,2500,250000,0,0
1036,1039,2500,250000,0,0
1037,1040,2500,250000,2390,1
1038,1041,2500,250000,0,0
1039,1042,2500,250000,0,0
1040,1043,2500,250000,0,0
1041,1044,2500,250000,0,0
1042,1045,1400,140000,0,0
1043,1046,2500,250000,0,0
1044,1047,2500,250000,368,1
1045,1048,2500,250000,0,0
1046,1049,2500,250000,0,0
1047,1050,2500,250000,0,0
1048,1051,2500,250000,0,0
1049,1052,2500,250000,0,0
1050,1053,2500,250000,0,0
1051,1054,2500,250000,0,0
1052,1055,2500,250000,212,1
1053,1056,2450,245000,0,0
1054,1057,2500,250000,0,0
1055,1058,2500,250000,0,0
1056,1059,2500,250000,78,1
1057,1060,2500,250000,0,0
1058,1061,2500,250000,0,0
1059,1062,2500,250000,0,0
1060,1063,2500,250000,0,0
1061,1064,2500,250000,0,0
1062,1065,2500,250000,0,0
1063,1066,2500,250000,0,0
1064,1067,2500,250000,0,0
1065,1068,2500,250000,0,0
1066,1069,2500,250000,0,0
1067,1070,2500,250000,0,0
1068,1071,2500,250000,0,0
1069,1072,2500,250000,0,0
1070,1073,2500,250000,327,1
1071,1074,2500,250000,0,0
1072,1075,2500,250000,0,0
1073,1076,2500,250000,48,1
1074,1077,2500,250000,0,0
1075,1078,2500,250000,0,0
1076,1079,1007,100700,1007,1
1077,1080,2500,250000,0,0
1078,1081,2500,250000,0,0
1079,1082,2500,250000,0,0
1080,1083,2500,250000,0,0
1081,1084,2500,250000,0,0
1082,1085,2500,250000,0,0
1083,1086,2500,250000,0,0
1084,1087,2500,250000,0,0
1085,1088,2500,250000,0,0
1086,1089,2500,250000,0,0
1087,1090,2500,250000,0,0
1088,1091,2500,250000,0,0
1089,1092,2500,250000,0,0
1090,1093,2500,250000,0,0
1091,1094,2500,250000,0,0
1092,1095,2500,250000,0,0
1093,1096,2500,250000,0,0
1094,1097,2500,250000,0,0
1095,1098,2500,250000,0,0
1096,1099,2500,250000,194,1
1097,1100,2500,250000,0,0
1098,1101,2500,250000,0,0
1099,1102,2500,250000,0,0
1100,1103,2500,250000,0,0
1101,1104,2500,250000,0,0
1102,1105,2500,250000,0,0
1103,1106,2500,250000,1354,1
1104,1107,2500,250000,374,1
1105,1108,2500,250000,0,0
1106,1109,2500,250000,0,0
1107,1110,2500,250000,1011,1
1108,1111,2500,250000,0,0
1109,1112,2500,250000,0,0
1110,1113,2500,250000,0,0
1111,1114,2500,250000,0,0
1112,1115,2500,250000,0,0
1113,1116,1050,105000,0,0
1114,1117,2500,250000,0,0
1115,1118,2500,250000,0,0
1116,1119,2500,250000,0,0
1117,1120,2500,250000,0,0
1118,1121,2500,250000,113,1
1119,1122,2500,250000,0,0
1120,1123,2500,250000,0,0
1121,1124,2500,250000,0,0
1122,1125,2500,250000,0,0
1123,1126,2500,250000,0,0
1124,1127,2500,250000,0,0
1125,1128,2500,250000,0,0
1126,1129,2500,250000,0,0
1127,1130,2500,250000,0,0
1128,1131,2500,250000,0,0
1129,1132,2500,250000,0,0
1130,1133,2500,250000,0,0
1131,1134,2500,250000,0,0
1132,1135,2500,250000,0,0
1133,1136,2500,250000,0,0
1134,1137,1650,165000,0,0
1135,1138,2500,250000,0,0
1136,1139,2500,250000,0,0
1137,1140,2500,250000,0,0
1138,1141,2500,250000,0,0
1139,1142,2500,250000,105,1
1140,1143,2500,250000,0,0
1141,1144,2500,250000,0,0
1142,1145,2500,250000,568,1
1143,1146,2500,250000,0,0
1144,1147,2500,250000,0,0
1145,1148,2500,250000,381,1
1146,1149,2500,250000,0,0
1147,1150,200,20000,40,1
1148,1151,2500,250000,0,0
1149,1152,2500,250000,0,0
1150,1153,2500,250000,29,1
1151,1154,211,21100,0,0
1152,1155,2500,250000,0,0
1153,1156,2500,250000,0,0
1154,1157,2500,250000,0,0
1155,1158,2500,250000,0,0
1156,1159,2500,250000,0,0
1157,1160,2500,250000,0,0
1158,1161,2500,250000,0,0
1159,1162,2500,250000,0,0
1160,1163,2500,250000,0,0
1161,1164,2500,250000,0,0
1162,1165,2500,250000,0,0
1163,1166,2476,247600,25,1
1164,1167,1400,140000,0,0
1165,1168,2500,250000,0,0
1166,1169,2500,250000,0,0
1167,1170,2500,250000,0,0
1168,1171,2500,250000,0,0
1169,1172,2500,250000,0,0
1170,1173,2500,250000,0,0
1171,1174,2500,250000,0,0
1172,1175,2500,250000,0,0
1173,1176,2500,250000,0,0
1174,1177,2500,250000,0,0
1175,1178,2500,250000,0,0
1176,1179,2500,250000,0,0
1177,1180,2500,250000,0,0
1178,1181,100,10000,0,0
1179,1182,2500,250000,0,0
1180,1183,2500,250000,0,0
1181,1184,2500,250000,0,0
1182,1185,2500,250000,0,0
1183,1186,2500,250000,0,0
1184,1187,1450,145000,0,0
1185,1188,2500,250000,0,0
1186,1189,2500,250000,0,0
1187,1190,2500,250000,0,0
1188,1191,2500,250000,0,0
1189,1192,2500,250000,0,0
1190,1193,2500,250000,0,0
1191,1194,2500,250000,1249,1
1192,1195,2228,222800,1446,1
1193,1196,2500,250000,0,0
1194,1197,1807,180700,0,0
1195,1198,2500,250000,0,0
1196,1199,2500,250000,0,0
1197,1200,2500,250000,0,0
1198,1201,2500,250000,0,0
1199,1202,2500,250000,0,0
1200,1203,2500,250000,40,1
1201,1204,2500,250000,0,0
1202,1205,2500,250000,1020,1
1203,1206,2500,250000,0,0
1204,1207,2500,250000,0,0
1205,1208,2500,250000,0,0
1206,1209,2500,250000,2500,1
1207,1210,2500,250000,0,0
1208,1211,2500,250000,0,0
1209,1212,2500,250000,0,0
1210,1213,2500,250000,0,0
1211,1214,2500,250000,0,0
1212,1215,2500,250000,167,1
1213,1216,2500,250000,0,0
1214,1217,2500,250000,0,0
1215,1218,2500,250000,0,0
1216,1219,2500,250000,0,0
1217,1220,2500,250000,0,0
1218,1221,2500,250000,0,0
1219,1222,2379,237900,1355,1
1220,1223,2500,250000,359,1
1221,1224,2500,250000,0,0
1222,1225,2500,250000,0,0
1223,1226,2500,250000,0,0
1224,1227,714,71400,0,0
1225,1228,2500,250000,0,0
1226,1229,2500,250000,0,0
1227,1230,2500,250000,0,0
1228,1231,2500,250000,11,1
1229,1232,2500,250000,0,0
1230,1233,885,88500,804,1
1231,1234,2500,250000,0,0
1232,1235,2500,250000,0,0
1233,1236,2500,250000,0,0
1234,1237,2500,250000,0,0
1235,1238,2500,250000,0,0
1236,1239,2500,250000,0,0
1237,1240,2500,250000,0,0
1238,1241,2500,250000,0,0
1239,1242,2500,250000,0,0
1240,1243,2500,250000,0,0
1241,1244,2500,250000,230,1
1242,1245,2500,250000,0,0
1243,1246,150,15000,0,0
1244,1247,2500,250000,0,0
1245,1248,2500,250000,52,1
1246,1249,2500,250000,0,0
1247,1250,2500,250000,0,0
1248,1251,2500,250000,0,0
1249,1252,2500,250000,0,0
1250,1253,2500,250000,0,0
1251,1254,2500,250000,0,0
1252,1255,869,86900,67,1
1253,1256,522,52200,50,1
1254,1257,2500,250000,0,0
1255,1258,2500,250000,0,0
1256,1259,2500,250000,0,0
1257,1260,2500,250000,5,1
1258,1261,2500,250000,0,0
1259,1262,2500,250000,0,0
1260,1263,2500,250000,0,0
1261,1264,2500,250000,0,0
1262,1265,2000,200000,0,0
1263,1266,850,85000,0,0
1264,1267,2500,250000,0,0
1265,1268,2500,250000,542,1
1266,1269,2500,250000,0,0
1267,1270,1350,135000,0,0
1268,1271,2250,225000,0,0
1269,1272,2500,250000,0,0
1270,1273,2500,250000,0,0
1271,1274,2500,250000,0,0
1272,1275,2500,250000,0,0
1273,1276,2500,250000,132,1
1274,1277,2500,250000,0,0
1275,1278,2500,250000,510,1
1276,1279,2500,250000,0,0
1277,1280,1700,170000,0,0
1278,1281,2500,250000,0,0
1279,1282,2500,250000,0,0
1280,1283,2500,250000,0,0
1281,1284,550,55000,0,0
1282,1285,2500,250000,0,0
1283,1286,2500,250000,1474,1
1284,1287,2500,250000,0,0
1285,1288,2500,250000,0,0
1286,1289,1850,185000,20,1
1287,1290,2500,250000,0,0
1288,1291,2500,250000,24,1
1289,1292,2500,250000,29,1
1290,1293,2500,250000,0,0
1291,1294,2500,250000,0,0
1292,1295,2500,250000,0,0
1293,1296,2500,250000,0,0
1294,1297,2500,250000,411,1
1295,1298,2500,250000,33,1
1296,1299,2500,250000,0,0
1297,1300,2500,250000,0,0
1298,1301,2500,250000,0,0
1299,1302,2500,250000,0,0
1300,1303,2500,250000,0,0
1301,1304,2500,250000,129,1
1302,1305,2500,250000,2461,1
1303,1306,2500,250000,0,0
1304,1307,2500,250000,2219,1
1305,1308,2500,250000,0,0
1306,1309,538,53800,0,0
1307,1310,23,2300,0,0
1308,1311,2500,250000,0,0
1309,1312,2500,250000,0,0
1310,1313,2500,250000,0,0
1311,1314,2500,250000,0,0
1312,1315,2500,250000,0,0
1313,1316,2500,250000,0,0
1314,1317,2500,250000,0,0
1315,1318,2500,250000,0,0
1316,1319,2500,250000,0,0
1317,1320,2500,250000,0,0
1318,1321,2500,250000,0,0
1319,1322,2500,250000,0,0
1320,1323,2500,250000,0,0
1321,1324,2500,250000,0,0
1322,1325,2500,250000,0,0
1323,1326,2500,250000,0,0
1324,1327,2500,250000,1274,1
1325,1328,2500,250000,0,0
1326,1329,2500,250000,0,0
1327,1330,2500,250000,0,0
1328,1331,2500,250000,0,0
1329,1332,2500,250000,0,0
1330,1333,1850,185000,103,1
1331,1334,100,10000,0,0
1332,1335,2500,250000,0,0
1333,1336,2500,250000,0,0
1334,1337,2500,250000,0,0
1335,1338,2500,250000,0,0
1336,1339,2500,250000,0,0
1337,1340,2500,250000,0,0
1338,1341,2500,250000,0,0
1339,1342,2500,250000,0,0
1340,1343,2500,250000,0,0
1341,1344,2500,250000,0,0
1342,1345,2500,250000,0,0
1343,1346,2500,250000,0,0
1344,1347,2500,250000,0,0
1345,1348,2500,250000,0,0
1346,1349,2500,250000,0,0
1347,1350,2500,250000,0,0
1348,1351,12,1200,0,0
1349,1352,2500,250000,0,0
1350,1353,800,80000,0,0
1351,1354,2500,250000,0,0
1352,1355,225,22500,225,1
1353,1356,2500,250000,0,0
1354,1357,2500,250000,0,0
1355,1358,2500,250000,0,0
1356,1359,2290,229000,0,0
1357,1360,2500,250000,588,1
1358,1361,2500,250000,0,0
1359,1362,2500,250000,0,0
1360,1363,2500,250000,0,0
1361,1364,2500,250000,0,0
1362,1365,2500,250000,0,0
1363,1366,2500,250000,0,0
1364,1367,1400,140000,0,0
1365,1368,2170,217000,0,0
1366,1369,2500,250000,0,0
1367,1370,2500,250000,0,0
1368,1371,2500,250000,0,0
1369,1372,2500,250000,0,0
1370,1373,2500,250000,0,0
1371,1374,2500,250000,0,0
1372,1375,2250,225000,0,0
1373,1376,2500,250000,0,0
1374,1377,2500,250000,0,0
1375,1378,2500,250000,42,1
1376,1379,2500,250000,0,0
1377,1380,2500,250000,0,0
1378,1381,2500,250000,0,0
1379,1382,2500,250000,0,0
1380,1383,2500,250000,51,1
1381,1384,2500,250000,0,0
1382,1385,2500,250000,0,0
1383,1386,2500,250000,0,0
1384,1387,2500,250000,0,0
1385,1388,2500,250000,0,0
1386,1389,2500,250000,0,0
1387,1390,2500,250000,0,0
1388,1391,2500,250000,0,0
1389,1392,2500,250000,0,0
1390,1393,2500,250000,0,0
1391,1394,2500,250000,0,0
1392,1395,2500,250000,0,0
1393,1396,2500,250000,0,0
1394,1397,2500,250000,0,0
1395,1398,192,19200,0,0
1396,1399,2500,250000,0,0
1397,1400,2356,235600,0,0
1398,1401,1650,165000,71,1
1399,1402,2500,250000,0,0
1400,1403,2500,250000,0,0
1401,1404,2500,250000,0,0
1402,1405,2500,250000,0,0
1403,1406,2500,250000,0,0
1404,1407,2500,250000,0,0
1405,1408,2500,250000,52,1
1406,1409,2500,250000,0,0
1407,1410,150,15000,0,0
1408,1411,2500,250000,0,0
1409,1412,2500,250000,0,0
1410,1413,2500,250000,0,0
1411,1414,1155,115500,1130,1
1412,1415,1600,160000,0,0
1413,1416,2500,250000,0,0
1414,1417,2500,250000,0,0
1415,1418,2500,250000,0,0
1416,1419,2500,250000,0,0
1417,1420,1450,145000,0,0
1418,1421,2500,250000,445,1
1419,1422,2500,250000,0,0
1420,1423,2500,250000,0,0
1421,1424,631,63100,191,1
1422,1425,2500,250000,645,1
1423,1426,2500,250000,0,0
1424,1427,2500,250000,0,0
1425,1428,2500,250000,0,0
1426,1429,2500,250000,0,0
1427,1430,2500,250000,0,0
1428,1431,2500,250000,1,1
1429,1432,2500,250000,0,0
1430,1433,2500,250000,0,0
1431,1434,2500,250000,1881,1
1432,1435,2500,250000,0,0
1433,1436,2148,214800,0,0
1434,1437,2500,250000,0,0
1435,1438,1666,166600,0,0
1436,1439,2500,250000,0,0
1437,1440,2500,250000,0,0
1438,1441,2500,250000,0,0
1439,1442,2500,250000,0,0
1440,1443,2500,250000,0,0
1441,1444,2500,250000,0,0
1442,1445,2500,250000,0,0
1443,1446,2249,224900,0,0
1444,1447,2500,250000,1339,1
1445,1448,2500,250000,0,0
1446,1449,2500,250000,0,0
1447,1450,2500,250000,0,0
1448,1451,2500,250000,0,0
1449,1452,2500,250000,0,0
1450,1453,2500,250000,0,0
1451,1454,2500,250000,1018,1
1452,1455,2500,250000,0,0
1453,1456,2500,250000,0,0
1454,1457,2500,250000,0,0
1455,1458,2500,250000,0,0
1456,1459,2500,250000,0,0
1457,1460,2500,250000,0,0
1458,1461,2500,250000,0,0
1459,1462,2500,250000,1972,1
1460,1463,2500,250000,0,0
1461,1464,2500,250000,0,0
1462,1465,2500,250000,0,0
1463,1466,2500,250000,0,0
1464,1467,2500,250000,0,0
1465,1468,550,55000,0,0
1466,1469,983,98300,634,1
1467,1470,2500,250000,0,0
1468,1471,2500,250000,0,0
1469,1472,2500,250000,0,0
1470,1473,2500,250000,677,1
1471,1474,1400,140000,0,0
1472,1475,2500,250000,0,0
1473,1476,2500,250000,0,0
1474,1477,2500,250000,0,0
1475,1478,2500,250000,0,0
1476,1479,2500,250000,145,1
1477,1480,2500,250000,0,0
1478,1481,2500,250000,0,0
1479,1482,2500,250000,0,0
1480,1483,2500,250000,0,0
1481,1484,2500,250000,0,0
1482,1485,2500,250000,110,1
1483,1486,2500,250000,0,0
1484,1487,2500,250000,0,0
1485,1488,2500,250000,0,0
1486,1489,2042,204200,2016,1
1487,1490,2500,250000,0,0
1488,1491,2500,250000,0,0
1489,1492,2500,250000,0,0
1490,1493,2500,250000,0,0
1491,1494,2500,250000,0,0
1492,1495,2500,250000,0,0
1493,1496,2500,250000,0,0
1494,1497,2500,250000,0,0
1495,1498,2500,250000,0,0
1496,1499,2500,250000,0,0
1497,1500,2500,250000,0,0
1498,1501,2500,250000,319,1
1499,1502,2500,250000,0,0
1500,1503,2500,250000,0,0
1501,1504,2500,250000,0,0
1502,1505,72,7200,0,0
1503,1506,2500,250000,0,0
1504,1507,2500,250000,0,0
1505,1508,2500,250000,0,0
1506,1509,2500,250000,0,0
1507,1510,2500,250000,0,0
1508,1511,2500,250000,0,0
1509,1512,2500,250000,0,0
1510,1513,2500,250000,0,0
1511,1514,2500,250000,0,0
1512,1515,2500,250000,0,0
1513,1516,1650,165000,0,0
1514,1517,2500,250000,0,0
1515,1518,2500,250000,0,0
1516,1519,2500,250000,0,0
1517,1520,2500,250000,0,0
1518,1521,2500,250000,0,0
1519,1522,2500,250000,0,0
1520,1523,2500,250000,0,0
1521,1524,2500,250000,0,0
1522,1525,2500,250000,0,0
1523,1526,2500,250000,0,0
1524,1527,2500,250000,2500,1
1525,1528,2500,250000,0,0
1526,1529,2500,250000,0,0
1527,1530,2500,250000,0,0
1528,1531,2450,245000,0,0
1529,1532,2500,250000,0,0
1530,1533,2500,250000,0,0
1531,1534,2500,250000,123,1
1532,1535,2500,250000,0,0
1533,1536,1106,110600,0,0
1534,1537,2500,250000,0,0
1535,1538,2500,250000,0,0
1536,1539,2500,250000,0,0
1537,1540,2500,250000,0,0
1538,1541,2500,250000,0,0
1539,1542,2500,250000,0,0
1540,1543,2500,250000,0,0
1541,1544,2500,250000,0,0
1542,1545,2500,250000,0,0
1543,1546,2500,250000,895,1
1544,1547,2500,250000,0,0
1545,1548,2500,250000,0,0
1546,1549,2500,250000,0,0
1547,1550,2500,250000,0,0
1548,1551,2500,250000,0,0
1549,1552,2500,250000,0,0
1550,1553,2500,250000,72,1
1551,1554,850,85000,0,0
1552,1555,2500,250000,0,0
1553,1556,2500,250000,2090,1
1554,1557,2500,250000,0,0
1555,1558,16,1600,0,0
1556,1559,2500,250000,0,0
1557,1560,2500,250000,41,1
1558,1561,2500,250000,0,0
1559,1562,2500,250000,0,0
1560,1563,2500,250000,0,0
1561,1564,2500,250000,0,0
1562,1565,2500,250000,22,1
1563,1566,2500,250000,0,0
1564,1567,2500,250000,0,0
1565,1568,2500,250000,0,0
1566,1569,800,80000,0,0
1567,1570,2500,250000,0,0
1568,1571,2500,250000,0,0
1569,1572,1100,110000,0,0
1570,1573,2500,250000,0,0
1571,1574,1890,189000,0,0
1572,1575,2500,250000,667,1
1573,1576,2500,250000,0,0
1574,1577,2500,250000,0,0
1575,1578,2500,250000,0,0
1576,1579,1600,160000,0,0
1577,1580,2500,250000,0,0
1578,1581,2500,250000,0,0
1579,1582,2500,250000,0,0
1580,1583,1150,115000,0,0
1581,1584,2500,250000,0,0
1582,1585,2500,250000,1332,1
1583,1586,2500,250000,0,0
1584,1587,2500,250000,0,0
1585,1588,2500,250000,0,0
1586,1589,2500,250000,81,1
1587,1590,2500,250000,0,0
1588,1591,2500,250000,0,0
1589,1592,2500,250000,0,0
1590,1593,2500,250000,0,0
1591,1594,150,15000,0,0
1592,1595,2500,250000,0,0
1593,1596,2500,250000,333,1
1594,1597,1450,145000,0,0
1595,1598,2500,250000,0,0
1596,1599,2500,250000,0,0
1597,1600,2500,250000,70,1
1598,1601,2500,250000,0,0
1599,1602,2500,250000,0,0
1600,1603,2500,250000,0,0
1601,1604,2500,250000,0,0
1602,1605,2500,250000,0,0
1603,1606,2500,250000,0,0
1604,1607,2500,250000,0,0
1605,1608,2500,250000,0,0
1606,1609,2500,250000,0,0
1607,1610,2500,250000,116,1
1608,1611,2500,250000,0,0
1609,1612,2500,250000,0,0
1610,1613,2500,250000,0,0
1611,1614,2500,250000,0,0
1612,1615,2500,250000,0,0
1613,1616,2500,250000,0,0
1614,1617,2500,250000,0,0
1615,1618,1050,105000,0,0
1616,1619,2500,250000,0,0
1617,1620,2500,250000,0,0
1618,1621,2500,250000,0,0
1619,1622,2500,250000,0,0
1620,1623,2500,250000,0,0
1621,1624,2500,250000,0,0
1622,1625,2500,250000,0,0
1623,1626,2500,250000,0,0
1624,1627,2500,250000,0,0
1625,1628,2500,250000,0,0
1626,1629,2500,250000,0,0
1627,1630,2500,250000,2462,1
1628,1631,2500,250000,0,0
1629,1632,2500,250000,0,0
1630,1633,2500,250000,0,0
1631,1634,2500,250000,0,0
1632,1635,2500,250000,0,0
1633,1636,2500,250000,0,0
1634,1637,2500,250000,0,0
1635,1638,1500,150000,0,0
1636,1639,2500,250000,0,0
1637,1640,2500,250000,2490,1
1638,1641,2500,250000,570,1
1639,1642,2500,250000,0,0
1640,1643,2500,250000,1553,1
1641,1644,2500,250000,0,0
1642,1645,2500,250000,0,0
1643,1646,2404,240400,0,0
1644,1647,2500,250000,1871,1
1645,1648,1418,141800,48,1
1646,1649,70,7000,70,1
1647,1650,2500,250000,0,0
1648,1651,2500,250000,0,0
1649,1652,2500,250000,0,0
1650,1653,2500,250000,0,0
1651,1654,2500,250000,0,0
1652,1655,2500,250000,0,0
1653,1656,2500,250000,0,0
1654,1657,2500,250000,4,1
1655,1658,2500,250000,0,0
1656,1659,2500,250000,0,0
1657,1660,2500,250000,115,1
1658,1661,2500,250000,0,0
1659,1662,2500,250000,0,0
1660,1663,2500,250000,0,0
1661,1664,2500,250000,0,0
1662,1665,2500,250000,0,0
1663,1666,2150,215000,2150,1
1664,1667,2500,250000,0,0
1665,1668,2500,250000,0,0
1666,1669,2500,250000,0,0
1667,1670,2500,250000,466,1
1668,1671,2500,250000,0,0
1669,1672,2500,250000,452,1
1670,1673,2500,250000,0,0
1671,1674,100,10000,0,0
1672,1675,2500,250000,0,0
1673,1676,2500,250000,0,0
1674,1677,1400,140000,0,0
1675,1678,2500,250000,0,0
1676,1679,2500,250000,0,0
1677,1680,2500,250000,0,0
1678,1681,2500,250000,0,0
1679,1682,2500,250000,0,0
1680,1683,1300,130000,0,0
1681,1684,2500,250000,0,0
1682,1685,2500,250000,0,0
1683,1686,2500,250000,0,0
1684,1687,1250,125000,0,0
1685,1688,2500,250000,1,1
1686,1689,2500,250000,111,1
1687,1690,2500,250000,0,0
1688,1691,2500,250000,0,0
1689,1692,2500,250000,0,0
1690,1693,2500,250000,0,0
1691,1694,2500,250000,0,0
1692,1695,2500,250000,0,0
1693,1696,2500,250000,0,0
1694,1697,336,33600,0,0
1695,1698,2500,250000,0,0
1696,1699,2500,250000,0,0
1697,1700,2500,250000,0,0
1698,1701,2500,250000,0,0
1699,1702,2500,250000,0,0
1700,1703,2500,250000,0,0
1701,1704,2500,250000,57,1
1702,1705,2500,250000,0,0
1703,1706,2500,250000,0,0
1704,1707,2500,250000,2007,1
1705,1708,2500,250000,135,1
1706,1709,2500,250000,0,0
1707,1710,2500,250000,0,0
1708,1711,2500,250000,0,0
1709,1712,2500,250000,0,0
1710,1713,2500,250000,0,0
1711,1714,2500,250000,0,0
1712,1715,2500,250000,0,0
1713,1716,1617,161700,0,0
1714,1717,2500,250000,0,0
1715,1718,1800,180000,131,1
1716,1719,2500,250000,0,0
1717,1720,2500,250000,2500,1
1718,1721,2500,250000,0,0
1719,1722,2500,250000,0,0
1720,1723,2500,250000,476,1
1721,1724,2500,250000,345,1
1722,1725,2500,250000,588,1
1723,1726,2500,250000,0,0
1724,1727,2500,250000,19,1
1725,1728,2500,250000,0,0
1726,1729,1650,165000,0,0
1727,1730,2369,236900,0,0
1728,1731,2500,250000,0,0
1729,1732,2500,250000,0,0
1730,1733,2500,250000,311,1
1731,1734,2500,250000,0,0
1732,1735,155,15500,155,1
1733,1736,2500,250000,0,0
1734,1737,2500,250000,0,0
1735,1738,60,6000,0,0
1736,1739,2500,250000,0,0
1737,1740,2500,250000,0,0
1738,1741,2500,250000,0,0
1739,1742,2500,250000,0,0
1740,1743,2500,250000,0,0
1741,1744,2500,250000,0,0
1742,1745,2500,250000,0,0
1743,1746,2500,250000,2500,1
1744,1747,2500,250000,0,0
1745,1748,2050,205000,0,0
1746,1749,2500,250000,0,0
1747,1750,2500,250000,0,0
1748,1751,2500,250000,0,0
1749,1752,2500,250000,0,0
1750,1753,2500,250000,0,0
1751,1754,2500,250000,1930,1
1752,1755,2500,250000,0,0
1753,1756,2500,250000,97,1
1754,1757,550,55000,0,0
1755,1758,2500,250000,0,0
1756,1759,2500,250000,0,0
1757,1760,2500,250000,0,0
1758,1761,2500,250000,0,0
1759,1762,2500,250000,0,0
1760,1763,2500,250000,0,0
1761,1764,2500,250000,0,0
1762,1765,2500,250000,57,1
1763,1766,2500,250000,0,0
1764,1767,2500,250000,0,0
1765,1768,2500,250000,0,0
1766,1769,2500,250000,0,0
1767,1770,2500,250000,0,0
1768,1771,2500,250000,0,0
1769,1772,2500,250000,0,0
1770,1773,2500,250000,2,1
1771,1774,2500,250000,0,0
1772,1775,2500,250000,0,0
1773,1776,2500,250000,0,0
1774,1777,2500,250000,0,0
1775,1778,1400,140000,0,0
1776,1779,2500,250000,179,1
1777,1780,2500,250000,177,1
1778,1781,2500,250000,0,0
1779,1782,2500,250000,0,0
1780,1783,2500,250000,0,0
1781,1784,2500,250000,0,0
1782,1785,2500,250000,0,0
1783,1786,2500,250000,0,0
1784,1787,2500,250000,0,0
1785,1788,2500,250000,0,0
1786,1789,2500,250000,0,0
1787,1790,2500,250000,0,0
1788,1791,2500,250000,0,0
1789,1792,2500,250000,0,0
1790,1793,2500,250000,0,0
1791,1794,2500,250000,0,0
1792,1795,2500,250000,0,0
1793,1796,2500,250000,0,0
1794,1797,2500,250000,0,0
1795,1798,2500,250000,44,1
1796,1799,2500,250000,0,0
1797,1800,2500,250000,0,0
1798,1801,2500,250000,0,0
1799,1802,2500,250000,0,0
1800,1803,2500,250000,131,1
1801,1804,2500,250000,0,0
1802,1805,2500,250000,0,0
1803,1806,2500,250000,0,0
1804,1807,2500,250000,0,0
1805,1808,2500,250000,88,1
1806,1809,2500,250000,0,0
1807,1810,2500,250000,0,0
1808,1811,2500,250000,0,0
1809,1812,2500,250000,0,0
1810,1813,2500,250000,0,0
1811,1814,2500,250000,0,0
1812,1815,2500,250000,214,1
1813,1816,2500,250000,0,0
1814,1817,2500,250000,0,0
1815,1818,2500,250000,0,0
1816,1819,2500,250000,422,1
1817,1820,2500,250000,13,1
1818,1821,2500,250000,0,0
1819,1822,1321,132100,0,0
1820,1823,2500,250000,50,1
1821,1824,2500,250000,1309,1
1822,1825,2500,250000,0,0
1823,1826,2500,250000,0,0
1824,1827,2500,250000,170,1
1825,1828,2500,250000,0,0
1826,1829,2500,250000,0,0
1827,1830,2500,250000,0,0
1828,1831,2500,250000,0,0
1829,1832,2500,250000,331,1
1830,1833,2500,250000,0,0
1831,1834,2500,250000,0,0
1832,1835,2500,250000,0,0
1833,1836,2500,250000,0,0
1834,1837,1850,185000,76,1
1835,1838,2500,250000,0,0
1836,1839,2500,250000,121,1
1837,1840,150,15000,150,1
1838,1841,2500,250000,0,0
1839,1842,2500,250000,0,0
1840,1843,1700,170000,0,0
1841,1844,2500,250000,0,0
1842,1845,2500,250000,0,0
1843,1846,2500,250000,0,0
1844,1847,2500,250000,0,0
1845,1848,2500,250000,0,0
1846,1849,2500,250000,0,0
1847,1850,2500,250000,0,0
1848,1851,2500,250000,0,0
1849,1852,2500,250000,0,0
1850,1853,2500,250000,0,0
1851,1854,2500,250000,0,0
1852,1855,1558,155800,0,0
1853,1856,2500,250000,0,0
1854,1857,2500,250000,0,0
1855,1858,2500,250000,1887,1
1856,1859,2500,250000,0,0
1857,1860,2500,250000,2500,1
1858,1861,2100,210000,0,0
1859,1862,2500,250000,83,1
1860,1863,2500,250000,0,0
1861,1864,2500,250000,0,0
1862,1865,2500,250000,0,0
1863,1866,2500,250000,23,1
1864,1867,2500,250000,0,0
1865,1868,2500,250000,0,0
1866,1869,2500,250000,0,0
1867,1870,2500,250000,0,0
1868,1871,2500,250000,0,0
1869,1872,2500,250000,0,0
1870,1873,2500,250000,0,0
1871,1874,2500,250000,0,0
1872,1875,2500,250000,0,0
1873,1876,2500,250000,287,1
1874,1877,2500,250000,0,0
1875,1878,2500,250000,0,0
1876,1879,2500,250000,0,0
1877,1880,2216,221600,0,0
1878,1881,2500,250000,0,0
1879,1882,2500,250000,0,0
1880,1883,2500,250000,152,1
1881,1884,2500,250000,0,0
1882,1885,2500,250000,2307,1
1883,1886,2500,250000,0,0
1884,1887,2500,250000,0,0
1885,1888,2500,250000,0,0
1886,1889,2500,250000,0,0
1887,1890,2500,250000,0,0
1888,1891,2500,250000,2398,1
1889,1892,2500,250000,0,0
1890,1893,2500,250000,40,1
1891,1894,2500,250000,0,0
1892,1895,2300,230000,0,0
1893,1896,2500,250000,0,0
1894,1897,2500,250000,0,0
1895,1898,2500,250000,0,0
1896,1899,2500,250000,0,0
1897,1900,2500,250000,0,0
1898,1901,2500,250000,0,0
1899,1902,2500,250000,0,0
1900,1903,2500,250000,0,0
1901,1904,1650,165000,0,0
1902,1905,1591,159100,0,0
1903,1906,250,25000,0,0
1904,1907,2500,250000,0,0
1905,1908,2500,250000,0,0
1906,1909,2500,250000,0,0
1907,1910,2500,250000,0,0
1908,1911,2500,250000,0,0
1909,1912,2500,250000,0,0
1910,1913,2500,250000,0,0
1911,1914,2500,250000,0,0
1912,1915,1474,147400,0,0
1913,1916,2500,250000,0,0
1914,1917,2500,250000,0,0
1915,1918,2500,250000,2036,1
1916,1919,2500,250000,0,0
1917,1920,2500,250000,0,0
1918,1921,2500,250000,0,0
1919,1922,2500,250000,0,0
1920,1923,2500,250000,0,0
1921,1924,2500,250000,257,1
1922,1925,2500,250000,406,1
1923,1926,2500,250000,0,0
1924,1927,2500,250000,0,0
1925,1928,2500,250000,0,0
1926,1929,2500,250000,0,0
1927,1930,2500,250000,0,0
1928,1931,2500,250000,0,0
1929,1932,450,45000,0,0
1930,1933,2500,250000,0,0
1931,1934,2500,250000,0,0
1932,1935,2500,250000,0,0
1933,1936,2500,250000,1025,1
1934,1937,2500,250000,0,0
1935,1938,2500,250000,0,0
1936,1939,2500,250000,0,0
1937,1940,2500,250000,0,0
1938,1941,2500,250000,0,0
1939,1942,2500,250000,376,1
1940,1943,2500,250000,0,0
1941,1944,1450,145000,0,0
1942,1945,2500,250000,0,0
1943,1946,2500,250000,2496,1
1944,1947,2500,250000,0,0
1945,1948,2500,250000,0,0
1946,1949,2500,250000,0,0
1947,1950,1034,103400,0,0
1948,1951,2500,250000,0,0
1949,1952,2500,250000,624,1
1950,1953,2500,250000,0,0
1951,1954,2500,250000,0,0
1952,1955,2500,250000,0,0
1953,1956,2500,250000,0,0
1954,1957,2500,250000,0,0
1955,1958,2500,250000,0,0
1956,1959,2500,250000,0,0
1957,1960,1271,127100,0,0
1958,1961,2500,250000,0,0
1959,1962,2500,250000,0,0
1960,1963,2500,250000,0,0
1961,1964,2500,250000,0,0
1962,1965,1400,140000,0,0
1963,1966,2500,250000,0,0
1964,1967,2500,250000,2059,1
1965,1968,2500,250000,0,0
1966,1969,2500,250000,0,0
1967,1970,2500,250000,0,0
1968,1971,2500,250000,0,0
1969,1972,2500,250000,73,1
1970,1973,2500,250000,0,0
1971,1974,2500,250000,0,0
1972,1975,2498,249800,732,1
1973,1976,2500,250000,0,0
1974,1977,2500,250000,43,1
1975,1978,202,20200,0,0
1976,1979,2500,250000,0,0
1977,1980,820,82000,0,0
1978,1981,2500,250000,0,0
1979,1982,2500,250000,0,0
1980,1983,2500,250000,0,0
1981,1984,2361,236100,873,1
1982,1985,2500,250000,0,0
1983,1986,2500,250000,0,0
1984,1987,2500,250000,0,0
1985,1988,2500,250000,0,0
1986,1989,2500,250000,0,0
1987,1990,2500,250000,0,0
1988,1991,2000,200000,0,0
1989,1992,2500,250000,0,0
1990,1993,2500,250000,0,0
1991,1994,2500,250000,0,0
1992,1995,2500,250000,0,0
1993,1996,2500,250000,0,0
1994,1997,2500,250000,0,0
1995,1998,2500,250000,0,0
1996,1999,2500,250000,0,0
1997,2000,2500,250000,815,1
1998,2001,2500,250000,0,0
1999,2002,2500,250000,0,0
2000,2003,2500,250000,0,0
2001,2004,2500,250000,0,0
2002,2005,2500,250000,0,0
2003,2006,2500,250000,0,0
2004,2007,2500,250000,0,0
2005,2008,2500,250000,0,0
2006,2009,2500,250000,188,1
2007,2010,2500,250000,285,1
2008,2011,2500,250000,0,0
2009,2012,2500,250000,0,0
2010,2013,2500,250000,0,0
2011,2014,2500,250000,0,0
2012,2015,2500,250000,0,0
2013,2016,2500,250000,0,0
2014,2017,2500,250000,0,0
2015,2018,2500,250000,36,1
2016,2019,2500,250000,0,0
2017,2020,2500,250000,0,0
2018,2021,2500,250000,0,0
2019,2022,1350,135000,0,0
2020,2023,2230,223000,0,0
2021,2024,2500,250000,0,0
2022,2025,2500,250000,0,0
2023,2026,2500,250000,0,0
2024,2027,2500,250000,816,1
2025,2028,1600,160000,0,0
2026,2029,2500,250000,0,0
2027,2030,2500,250000,0,0
2028,2031,2500,250000,0,0
2029,2032,2500,250000,0,0
2030,2033,2500,250000,197,1
2031,2034,2500,250000,0,0
2032,2035,2500,250000,0,0
2033,2036,2500,250000,0,0
2034,2037,2500,250000,2058,1
2035,2038,2500,250000,0,0
2036,2039,2500,250000,0,0
2037,2040,2500,250000,0,0
2038,2041,2500,250000,0,0
2039,2042,2500,250000,0,0
2040,2043,2500,250000,0,0
2041,2044,2500,250000,0,0
2042,2045,2500,250000,0,0
2043,2046,2500,250000,0,0
2044,2047,2500,250000,0,0
2045,2048,2500,250000,0,0
2046,2049,2500,250000,0,0
2047,2050,2500,250000,0,0
2048,2051,2500,250000,0,0
2049,2052,2500,250000,3,1
2050,2053,2500,250000,0,0
2051,2054,2500,250000,67,1
2052,2055,2500,250000,595,1
2053,2056,2500,250000,0,0
2054,2057,2500,250000,891,1
2055,2058,2500,250000,0,0
2056,2059,2500,250000,0,0
2057,2060,2500,250000,0,0
2058,2061,2500,250000,0,0
2059,2062,2500,250000,0,0
2060,2063,2500,250000,1377,1
2061,2064,2500,250000,85,1
2062,2065,2500,250000,0,0
2063,2066,2500,250000,0,0
2064,2067,2500,250000,0,0
2065,2068,2500,250000,216,1
2066,2069,2500,250000,0,0
2067,2070,2500,250000,0,0
2068,2071,2500,250000,151,1
2069,2072,2500,250000,0,0
2070,2073,2500,250000,0,0
2071,2074,2500,250000,0,0
2072,2075,2500,250000,0,0
2073,2076,2500,250000,0,0
2074,2077,2500,250000,0,0
2075,2078,2500,250000,0,0
2076,2079,2500,250000,0,0
2077,2080,2500,250000,0,0
2078,2081,2500,250000,1482,1
2079,2082,2500,250000,0,0
2080,2083,2500,250000,0,0
2081,2084,2500,250000,288,1
2082,2085,2500,250000,0,0
2083,2086,2500,250000,0,0
2084,2087,2500,250000,0,0
2085,2088,2500,250000,57,1
2086,2089,1750,175000,1610,1
2087,2090,2500,250000,0,0
2088,2091,2500,250000,0,0
2089,2092,2500,250000,0,0
2090,2093,2500,250000,187,1
2091,2094,2500,250000,0,0
2092,2095,472,47200,472,1
2093,2096,2500,250000,0,0
2094,2097,2500,250000,2341,1
2095,2098,1477,147700,0,0
2096,2099,2500,250000,0,0
2097,2100,2500,250000,0,0
2098,2101,2337,233700,0,0
2099,2102,2500,250000,0,0
2100,2103,2500,250000,0,0
2101,2104,2500,250000,0,0
2102,2105,2500,250000,0,0
2103,2106,2500,250000,0,0
2104,2107,2500,250000,0,0
2105,2108,1700,170000,0,0
2106,2109,2500,250000,0,0
2107,2110,1997,199700,0,0
2108,2111,2500,250000,0,0
2109,2112,2500,250000,0,0
2110,2113,2500,250000,0,0
2111,2114,2500,250000,0,0
2112,2115,2500,250000,0,0
2113,2116,2500,250000,0,0
2114,2117,2500,250000,0,0
2115,2118,2500,250000,0,0
2116,2119,2500,250000,0,0
2117,2120,2500,250000,0,0
2118,2121,2500,250000,2500,1
2119,2122,2500,250000,547,1
2120,2123,2500,250000,0,0
2121,2124,2500,250000,0,0
2122,2125,2500,250000,0,0
2123,2126,2500,250000,0,0
2124,2127,1038,103800,0,0
2125,2128,2500,250000,390,1
2126,2129,2500,250000,0,0
2127,2130,2500,250000,633,1
2128,2131,2500,250000,0,0
2129,2132,2500,250000,0,0
2130,2133,1100,110000,0,0
2131,2134,2500,250000,0,0
2132,2135,2228,222800,0,0
2133,2136,2500,250000,0,0
2134,2137,2500,250000,0,0
2135,2138,2500,250000,360,1
2136,2139,2500,250000,0,0
2137,2140,2500,250000,1836,1
2138,2141,2500,250000,0,0
2139,2142,2500,250000,0,0
2140,2143,2500,250000,2181,1
2141,2144,2500,250000,0,0
2142,2145,2500,250000,0,0
2143,2146,2500,250000,0,0
2144,2147,2500,250000,0,0
2145,2148,2500,250000,0,0
2146,2149,2500,250000,0,0
2147,2150,2500,250000,0,0
2148,2151,2500,250000,0,0
2149,2152,2500,250000,0,0
2150,2153,2500,250000,1144,1
2151,2154,2500,250000,0,0
2152,2155,2500,250000,0,0
2153,2156,2500,250000,664,1
2154,2157,2500,250000,0,0
2155,2158,2500,250000,0,0
2156,2159,2500,250000,0,0
2157,2160,2500,250000,0,0
2158,2161,2500,250000,0,0
2159,2162,2500,250000,0,0
2160,2163,2221,222100,276,1
2161,2164,2500,250000,0,0
2162,2165,2500,250000,0,0
2163,2166,2500,250000,0,0
2164,2167,2500,250000,0,0
2165,2168,1300,130000,0,0
2166,2169,2500,250000,0,0
2167,2170,2500,250000,0,0
2168,2171,2500,250000,12,1
2169,2172,2500,250000,6,1
2170,2173,2500,250000,0,0
2171,2174,2500,250000,0,0
2172,2175,2500,250000,0,0
2173,2176,2500,250000,0,0
2174,2177,2500,250000,0,0
2175,2178,2500,250000,0,0
2176,2179,2500,250000,0,0
2177,2180,2500,250000,0,0
2178,2181,2500,250000,0,0
2179,2182,2500,250000,0,0
2180,2183,2500,250000,0,0
2181,2184,2500,250000,1817,1
2182,2185,2500,250000,0,0
2183,2186,2500,250000,0,0
2184,2187,2500,250000,1780,1
2185,2188,2500,250000,0,0
2186,2189,2500,250000,218,1
2187,2190,2500,250000,0,0
2188,2191,2500,250000,0,0
2189,2192,2500,250000,1462,1
2190,2193,2500,250000,0,0
2191,2194,2500,250000,0,0
2192,2195,2500,250000,0,0
2193,2196,2500,250000,0,0
2194,2197,2500,250000,0,0
2195,2198,150,15000,150,1
2196,2199,2500,250000,0,0
2197,2200,2500,250000,0,0
2198,2201,2500,250000,0,0
2199,2202,2500,250000,0,0
2200,2203,2500,250000,1371,1
2201,2204,2500,250000,0,0
2202,2205,2500,250000,0,0
2203,2206,2500,250000,0,0
2204,2207,2500,250000,0,0
2205,2208,353,35300,0,0
2206,2209,2500,250000,0,0
2207,2210,2500,250000,0,0
2208,2211,2500,250000,0,0
2209,2212,2500,250000,0,0
2210,2213,2500,250000,0,0
2211,2214,1688,168800,1667,1
2212,2215,2500,250000,0,0
2213,2216,2500,250000,2462,1
2214,2217,2500,250000,0,0
2215,2218,2500,250000,0,0
2216,2219,2500,250000,0,0
2217,2220,2300,230000,0,0
2218,2221,2500,250000,0,0
2219,2222,2500,250000,0,0
2220,2223,2500,250000,0,0
2221,2224,2500,250000,0,0
2222,2225,2500,250000,0,0
2223,2226,2500,250000,0,0
2224,2227,2500,250000,552,1
2225,2228,2500,250000,0,0
2226,2229,2500,250000,0,0
2227,2230,2500,250000,0,0
2228,2232,2500,250000,0,0
2229,2233,2500,250000,0,0
2230,2234,2500,250000,0,0
2231,2235,650,65000,0,0
2232,2236,2500,250000,5,1
2233,2237,2500,250000,0,0
2234,2238,207,20700,0,0
2235,2239,2500,250000,0,0
2236,2240,2500,250000,0,0
2237,2241,2500,250000,406,1
2238,2242,2500,250000,0,0
2239,2243,2500,250000,0,0
2240,2244,2500,250000,0,0
2241,2245,2500,250000,0,0
2242,2246,2500,250000,0,0
2243,2247,2500,250000,0,0
2244,2248,2500,250000,0,0
2245,2249,2500,250000,1441,1
2246,2250,2500,250000,0,0
2247,2251,2500,250000,0,0
2248,2252,2500,250000,931,1
2249,2253,2500,250000,0,0
2250,2254,2500,250000,0,0
2251,2255,2500,250000,0,0
2252,2256,2500,250000,1329,1
2253,2257,2500,250000,0,0
2254,2258,2500,250000,130,1
2255,2259,2500,250000,0,0
2256,2260,2500,250000,1060,1
2257,2261,2500,250000,0,0
2258,2262,1400,140000,0,0
2259,2263,2500,250000,0,0
2260,2264,208,20800,0,0
2261,2265,2500,250000,0,0
2262,2266,2500,250000,1089,1
2263,2267,2500,250000,0,0
2264,2268,2500,250000,1234,1
2265,2269,2500,250000,2004,1
2266,2270,2500,250000,0,0
2267,2271,2500,250000,0,0
2268,2272,2500,250000,0,0
2269,2273,2500,250000,0,0
2270,2274,2500,250000,169,1
2271,2275,2500,250000,0,0
2272,2276,2500,250000,0,0
2273,2277,2500,250000,0,0
2274,2278,2500,250000,0,0
2275,2279,2500,250000,1148,1
2276,2280,2500,250000,306,1
2277,2281,2500,250000,221,1
2278,2282,2500,250000,0,0
2279,2283,591,59100,0,0
2280,2284,2500,250000,0,0
2281,2285,2500,250000,0,0
2282,2286,2500,250000,0,0
2283,2287,2500,250000,0,0
2284,2288,2500,250000,0,0
2285,2289,2500,250000,0,0
2286,2290,2500,250000,0,0
2287,2291,2500,250000,0,0
2288,2292,2500,250000,0,0
2289,2293,2500,250000,0,0
2290,2294,2144,214400,0,0
2291,2295,2500,250000,545,1
2292,2296,2500,250000,0,0
2293,2297,2500,250000,0,0
2294,2298,2500,250000,0,0
2295,2299,2095,209500,0,0
2296,2300,2500,250000,0,0
2297,2301,2500,250000,0,0
2298,2302,2500,250000,0,0
2299,2303,2500,250000,0,0
2300,2304,2500,250000,0,0
2301,2305,2500,250000,0,0
2302,2306,2500,250000,0,0
2303,2307,1810,181000,0,0
2304,2308,2500,250000,0,0
2305,2309,2500,250000,0,0
2306,2310,2500,250000,0,0
2307,2311,2500,250000,0,0
2308,2312,2500,250000,0,0
2309,2313,2500,250000,0,0
2310,2314,2500,250000,0,0
2311,2315,2500,250000,150,1
2312,2316,2500,250000,0,0
2313,2317,2500,250000,0,0
2314,2318,2500,250000,1156,1
2315,2319,2500,250000,0,0
2316,2320,2500,250000,0,0
2317,2321,2200,220000,0,0
2318,2322,2500,250000,0,0
2319,2323,1702,170200,0,0
2320,2324,2500,250000,0,0
2321,2325,2500,250000,1793,1
2322,2326,2500,250000,0,0
2323,2327,2500,250000,0,0
2324,2328,2500,250000,0,0
2325,2329,2500,250000,0,0
2326,2330,2500,250000,0,0
2327,2331,2500,250000,0,0
2328,2332,2500,250000,0,0
2329,2333,2500,250000,0,0
2330,2334,2500,250000,0,0
2331,2335,2500,250000,0,0
2332,2336,2500,250000,8,1
2333,2337,2500,250000,2500,1
2334,2338,2500,250000,78,1
2335,2339,2500,250000,0,0
2336,2340,2500,250000,0,0
2337,2341,2500,250000,1421,1
2338,2342,2500,250000,0,0
2339,2343,2500,250000,0,0
2340,2344,2500,250000,0,0
2341,2345,2500,250000,1063,1
2342,2346,2500,250000,0,0
2343,2347,2500,250000,0,0
2344,2348,2500,250000,807,1
2345,2349,842,84200,0,0
2346,2350,2500,250000,0,0
2347,2351,2500,250000,0,0
2348,2352,2500,250000,0,0
2349,2353,1855,185500,1836,1
2350,2354,2500,250000,0,0
2351,2355,2500,250000,275,1
2352,2356,2500,250000,0,0
2353,2357,2500,250000,0,0
2354,2358,1596,159600,1596,1
2355,2359,2500,250000,0,0
2356,2360,100,10000,0,0
2357,2361,2500,250000,0,0
2358,2362,408,40800,0,0
2359,2363,2500,250000,0,0
2360,2364,2500,250000,0,0
2361,2365,2500,250000,0,0
2362,2366,2500,250000,0,0
2363,2367,2500,250000,0,0
2364,2368,2500,250000,0,0
2365,2369,2500,250000,0,0
2366,2370,1444,144400,1444,1
2367,2371,2500,250000,0,0
2368,2372,2500,250000,1,1
2369,2373,2500,250000,177,1
2370,2374,2500,250000,0,0
2371,2375,2479,247900,0,0
2372,2376,2500,250000,0,0
2373,2377,2500,250000,0,0
2374,2378,2500,250000,1229,1
2375,2379,2500,250000,0,0
2376,2380,2500,250000,0,0
2377,2381,2500,250000,0,0
2378,2382,1253,125300,0,0
2379,2383,2500,250000,0,0
2380,2384,2500,250000,73,1
2381,2385,2500,250000,0,0
2382,2386,2500,250000,0,0
2383,2387,2500,250000,0,0
2384,2388,2500,250000,0,0
2385,2389,2500,250000,0,0
2386,2390,2500,250000,0,0
2387,2391,2500,250000,0,0
2388,2392,2500,250000,0,0
2389,2393,2500,250000,0,0
2390,2394,2500,250000,0,0
2391,2395,2500,250000,438,1
2392,2396,2500,250000,0,0
2393,2397,2500,250000,0,0
2394,2398,2500,250000,0,0
2395,2399,2050,205000,0,0
2396,2400,1264,126400,207,1
2397,2401,2500,250000,1635,1
2398,2402,2500,250000,0,0
2399,2403,2500,250000,0,0
2400,2404,2500,250000,2464,1
2401,2405,2200,220000,0,0
2402,2406,2500,250000,0,0
2403,2407,2500,250000,0,0
2404,2408,2500,250000,0,0
2405,2409,2500,250000,0,0
2406,2410,758,75800,0,0
2407,2411,2500,250000,0,0
2408,2412,2500,250000,0,0
2409,2413,150,15000,0,0
2410,2414,2500,250000,0,0
2411,2415,2000,200000,0,0
2412,2416,2500,250000,0,0
2413,2417,2500,250000,0,0
2414,2418,2100,210000,0,0
2415,2419,2500,250000,0,0
2416,2420,2500,250000,0,0
2417,2421,2500,250000,0,0
2418,2422,2500,250000,0,0
2419,2423,2500,250000,2419,1
2420,2424,2500,250000,0,0
2421,2425,2500,250000,2489,1
2422,2426,2500,250000,0,0
2423,2427,2500,250000,0,0
2424,2428,2500,250000,0,0
2425,2429,2000,200000,0,0
2426,2430,2500,250000,0,0
2427,2431,1300,130000,0,0
2428,2432,2500,250000,0,0
2429,2433,2500,250000,0,0
2430,2434,2500,250000,1520,1
2431,2435,2500,250000,0,0
2432,2436,2500,250000,0,0
2433,2437,2500,250000,0,0
2434,2438,2500,250000,0,0
2435,2439,2500,250000,0,0
2436,2440,2500,250000,0,0
2437,2441,2500,250000,0,0
2438,2442,2500,250000,0,0
2439,2443,2500,250000,0,0
2440,2444,2500,250000,0,0
2441,2445,1700,170000,45,1
2442,2446,65,6500,0,0
2443,2447,2500,250000,0,0
2444,2448,2250,225000,0,0
2445,2449,2500,250000,0,0
2446,2450,2500,250000,0,0
2447,2451,2500,250000,0,0
2448,2452,1050,105000,0,0
2449,2453,2500,250000,0,0
2450,2454,2500,250000,0,0
2451,2455,2500,250000,0,0
2452,2456,2500,250000,0,0
2453,2457,2500,250000,0,0
2454,2458,2500,250000,0,0
2455,2459,2500,250000,181,1
2456,2460,550,55000,0,0
2457,2461,2500,250000,0,0
2458,2462,2500,250000,0,0
2459,2463,2500,250000,1282,1
2460,2464,2500,250000,0,0
2461,2465,2500,250000,0,0
2462,2466,2500,250000,0,0
2463,2467,200,20000,0,0
2464,2468,2500,250000,252,1
2465,2469,2500,250000,1544,1
2466,2470,2500,250000,1931,1
2467,2471,2500,250000,0,0
2468,2472,2500,250000,21,1
2469,2473,2500,250000,0,0
2470,2474,2500,250000,0,0
2471,2475,2500,250000,0,0
2472,2476,2500,250000,0,0
2473,2477,2500,250000,0,0
2474,2478,2500,250000,0,0
2475,2479,1704,170400,1180,1
2476,2480,2500,250000,0,0
2477,2481,2500,250000,0,0
2478,2482,2500,250000,0,0
2479,2483,2500,250000,0,0
2480,2484,2500,250000,0,0
2481,2485,2500,250000,0,0
2482,2486,2500,250000,0,0
2483,2487,2500,250000,0,0
2484,2488,2500,250000,0,0
2485,2489,2500,250000,0,0
2486,2490,2500,250000,1094,1
2487,2491,2500,250000,0,0
2488,2492,2500,250000,153,1
2489,2493,2500,250000,0,0
2490,2494,2500,250000,491,1
2491,2495,2500,250000,0,0
2492,2496,2500,250000,0,0
2493,2497,2500,250000,0,0
2494,2498,2500,250000,0,0
2495,2499,2500,250000,0,0
2496,2500,621,62100,0,0
2497,2501,2500,250000,0,0
2498,2502,2500,250000,0,0
2499,2503,1400,140000,0,0
2500,2504,2500,250000,9,1
2501,2505,2500,250000,0,0
2502,2506,2500,250000,0,0
2503,2507,2500,250000,0,0
2504,2508,2500,250000,0,0
2505,2509,2500,250000,0,0
2506,2510,2500,250000,0,0
2507,2511,2500,250000,0,0
2508,2512,2500,250000,0,0
2509,2513,2500,250000,0,0
2510,2514,2500,250000,0,0
2511,2515,2500,250000,0,0
2512,2516,2500,250000,0,0
2513,2517,200,20000,6,1
2514,2518,2500,250000,0,0
2515,2519,2500,250000,0,0
2516,2520,2500,250000,122,1
2517,2521,2500,250000,0,0
2518,2522,2500,250000,0,0
2519,2523,2500,250000,0,0
2520,2524,2500,250000,0,0
2521,2525,2500,250000,0,0
2522,2526,2500,250000,0,0
2523,2527,2500,250000,0,0
2524,2528,2500,250000,0,0
2525,2529,2500,250000,33,1
2526,2530,1900,190000,0,0
2527,2531,2500,250000,24,1
2528,2532,2500,250000,0,0
2529,2533,2365,236500,0,0
2530,2534,2500,250000,0,0
2531,2535,1450,145000,0,0
2532,2536,2500,250000,0,0
2533,2537,2500,250000,0,0
2534,2538,2500,250000,0,0
2535,2539,2500,250000,0,0
2536,2540,2500,250000,0,0
2537,2541,2500,250000,0,0
2538,2542,2500,250000,2500,1
2539,2543,2500,250000,0,0
2540,2544,150,15000,0,0
2541,2545,2500,250000,0,0
2542,2546,2500,250000,138,1
2543,2547,2500,250000,0,0
2544,2548,2500,250000,0,0
2545,2549,2500,250000,124,1
2546,2550,2500,250000,0,0
2547,2551,50,5000,0,0
2548,2552,2500,250000,0,0
2549,2553,2500,250000,0,0
2550,2554,2500,250000,0,0
2551,2555,2500,250000,0,0
2552,2556,2500,250000,179,1
2553,2557,2500,250000,0,0
2554,2558,2500,250000,0,0
2555,2559,2500,250000,0,0
2556,2560,2500,250000,0,0
2557,2561,2500,250000,1177,1
2558,2562,2500,250000,0,0
2559,2563,2500,250000,0,0
2560,2564,2500,250000,0,0
2561,2565,2500,250000,0,0
2562,2566,2500,250000,0,0
2563,2567,2500,250000,0,0
2564,2568,2500,250000,2500,1
2565,2569,2500,250000,0,0
2566,2570,2500,250000,0,0
2567,2571,2500,250000,0,0
2568,2572,2500,250000,0,0
2569,2573,2500,250000,0,0
2570,2574,2500,250000,0,0
2571,2575,2500,250000,0,0
2572,2576,2500,250000,0,0
2573,2577,2500,250000,0,0
2574,2578,2500,250000,550,1
2575,2579,2500,250000,0,0
2576,2580,2500,250000,0,0
2577,2581,2500,250000,0,0
2578,2582,2500,250000,0,0
2579,2583,1650,165000,0,0
2580,2584,2500,250000,373,1
2581,2585,2500,250000,0,0
2582,2586,2500,250000,0,0
2583,2587,2000,200000,0,0
2584,2588,2500,250000,0,0
2585,2589,2500,250000,0,0
2586,2590,2500,250000,1,1
2587,2591,2500,250000,0,0
2588,2592,2500,250000,2399,1
2589,2593,2500,250000,0,0
2590,2594,2500,250000,2500,1
2591,2595,2500,250000,0,0
2592,2596,2500,250000,46,1
2593,2597,2500,250000,49,1
2594,2598,2500,250000,0,0
2595,2599,2500,250000,0,0
2596,2600,2500,250000,0,0
2597,2601,2500,250000,0,0
2598,2602,2500,250000,35,1
2599,2603,2500,250000,0,0
2600,2604,2500,250000,0,0
2601,2605,2500,250000,0,0
2602,2606,2500,250000,0,0
2603,2607,2500,250000,130,1
2604,2608,2500,250000,0,0
2605,2609,2500,250000,0,0
2606,2610,2500,250000,0,0
2607,2611,2500,250000,0,0
2608,2612,1850,185000,0,0
2609,2613,1082,108200,0,0
2610,2614,1544,154400,1158,1
2611,2615,2500,250000,2376,1
2612,2616,2500,250000,0,0
2613,2617,2500,250000,138,1
2614,2618,2500,250000,0,0
2615,2619,2500,250000,0,0
2616,2620,2500,250000,0,0
2617,2621,2500,250000,0,0
2618,2622,2500,250000,0,0
2619,2623,2500,250000,1244,1
2620,2624,2500,250000,612,1
2621,2625,2500,250000,2500,1
2622,2626,2500,250000,0,0
2623,2627,2338,233800,0,0
2624,2628,2500,250000,0,0
2625,2629,2500,250000,828,1
2626,2630,2500,250000,0,0
2627,2631,2500,250000,103,1
2628,2632,2500,250000,0,0
2629,2633,2500,250000,0,0
2630,2634,2500,250000,1178,1
2631,2635,2500,250000,0,0
2632,2636,2500,250000,0,0
2633,2637,2500,250000,0,0
2634,2638,2500,250000,0,0
2635,2639,2500,250000,0,0
2636,2640,2500,250000,1982,1
2637,2641,2500,250000,0,0
2638,2642,2500,250000,0,0
2639,2643,2500,250000,0,0
2640,2644,2500,250000,0,0
2641,2645,2500,250000,0,0
2642,2646,2500,250000,0,0
2643,2647,2500,250000,0,0
2644,2648,2500,250000,0,0
2645,2649,2500,250000,0,0
2646,2650,450,45000,0,0
2647,2651,2500,250000,0,0
2648,2652,2500,250000,0,0
2649,2653,250,25000,0,0
2650,2654,2500,250000,0,0
2651,2655,2500,250000,0,0
2652,2656,2500,250000,0,0
2653,2657,2500,250000,351,1
2654,2658,2500,250000,405,1
2655,2659,2500,250000,0,0
2656,2660,2500,250000,0,0
2657,2661,2500,250000,0,0
2658,2662,2500,250000,0,0
2659,2663,2500,250000,0,0
2660,2664,2500,250000,0,0
2661,2665,2500,250000,0,0
2662,2666,2500,250000,0,0
2663,2667,2500,250000,0,0
2664,2668,550,55000,0,0
2665,2669,2500,250000,0,0
2666,2670,2495,249500,0,0
2667,2671,2500,250000,0,0
2668,2672,2500,250000,0,0
2669,2673,2500,250000,144,1
2670,2674,2500,250000,0,0
2671,2675,2500,250000,0,0
2672,2676,2500,250000,0,0
2673,2677,2500,250000,0,0
2674,2678,2264,226400,0,0
2675,2679,2500,250000,0,0
2676,2680,2500,250000,0,0
2677,2681,2500,250000,322,1
2678,2682,327,32700,0,0
2679,2683,2500,250000,70,1
2680,2684,2500,250000,0,0
2681,2685,2500,250000,181,1
2682,2686,2500,250000,0,0
2683,2687,2500,250000,1190,1
2684,2688,2500,250000,3,1
2685,2689,2500,250000,0,0
2686,2690,2500,250000,0,0
2687,2691,2500,250000,0,0
2688,2692,2500,250000,0,0
2689,2693,2500,250000,0,0
2690,2694,2500,250000,0,0
2691,2695,2500,250000,0,0
2692,2696,2500,250000,0,0
2693,2697,2500,250000,2500,1
2694,2698,2500,250000,736,1
2695,2699,2500,250000,0,0
2696,2700,1057,105700,0,0
2697,2701,2500,250000,0,0
2698,2702,2500,250000,0,0
2699,2703,2500,250000,22,1
2700,2704,2150,215000,0,0
2701,2705,2500,250000,0,0
2702,2706,2500,250000,0,0
2703,2707,2500,250000,0,0
2704,2708,1100,110000,0,0
2705,2709,2500,250000,0,0
2706,2710,2500,250000,0,0
2707,2711,2500,250000,67,1
2708,2712,2500,250000,0,0
2709,2713,2500,250000,0,0
2710,2714,2500,250000,0,0
2711,2715,2500,250000,0,0
2712,2716,2500,250000,77,1
2713,2717,2500,250000,0,0
2714,2718,2500,250000,0,0
2715,2719,2500,250000,0,0
2716,2720,2500,250000,0,0
2717,2721,2500,250000,0,0
2718,2722,2500,250000,138,1
2719,2723,1265,126500,1265,1
2720,2724,2500,250000,0,0
2721,2725,2500,250000,0,0
2722,2726,2500,250000,0,0
2723,2727,2500,250000,49,1
2724,2728,2500,250000,0,0
2725,2729,2500,250000,0,0
2726,2730,2500,250000,0,0
2727,2731,2500,250000,0,0
2728,2732,2500,250000,0,0
2729,2733,2500,250000,0,0
2730,2734,2500,250000,0,0
2731,2735,2500,250000,0,0
2732,2736,2500,250000,0,0
2733,2737,2500,250000,0,0
2734,2738,2500,250000,0,0
2735,2739,2500,250000,0,0
2736,2740,2500,250000,1186,1
2737,2741,2500,250000,0,0
2738,2742,2500,250000,0,0
2739,2743,2500,250000,0,0
2740,2744,2500,250000,0,0
2741,2745,2500,250000,0,0
2742,2746,2500,250000,0,0
2743,2747,2500,250000,0,0
2744,2748,2500,250000,0,0
2745,2749,2500,250000,0,0
2746,2750,2500,250000,0,0
2747,2751,2500,250000,0,0
2748,2752,2500,250000,0,0
2749,2753,2500,250000,0,0
2750,2754,2500,250000,0,0
2751,2755,2500,250000,0,0
2752,2756,2500,250000,0,0
2753,2757,2500,250000,71,1
2754,2758,2500,250000,0,0
2755,2759,2500,250000,0,0
2756,2760,2500,250000,1129,1
2757,2761,2500,250000,8,1
2758,2762,2500,250000,0,0
2759,2763,2500,250000,0,0
2760,2764,2500,250000,0,0
2761,2765,2500,250000,8,1
2762,2766,2500,250000,0,0
2763,2767,2500,250000,0,0
2764,2768,2500,250000,0,0
2765,2769,2500,250000,0,0
2766,2770,150,15000,0,0
2767,2771,1400,140000,0,0
2768,2772,2500,250000,0,0
2769,2773,2500,250000,0,0
2770,2774,2500,250000,0,0
2771,2775,2500,250000,0,0
2772,2776,2500,250000,45,1
2773,2777,2500,250000,0,0
2774,2778,2500,250000,0,0
2775,2779,2500,250000,0,0
2776,2780,2500,250000,0,0
2777,2781,2500,250000,0,0
2778,2782,2500,250000,0,0
2779,2783,2500,250000,0,0
2780,2784,2500,250000,0,0
2781,2785,2500,250000,0,0
2782,2786,2500,250000,0,0
2783,2787,2500,250000,2,1
2784,2788,2500,250000,0,0
2785,2789,2500,250000,0,0
2786,2790,2500,250000,0,0
2787,2791,2500,250000,0,0
2788,2792,2500,250000,0,0
2789,2793,2500,250000,0,0
2790,2794,2250,225000,0,0
2791,2795,2500,250000,0,0
2792,2796,2500,250000,0,0
2793,2797,2500,250000,0,0
2794,2798,2500,250000,0,0
2795,2799,150,15000,0,0
2796,2800,2500,250000,0,0
2797,2801,930,93000,930,1
2798,2802,2500,250000,0,0
2799,2803,2500,250000,0,0
2800,2804,2500,250000,986,1
2801,2805,2500,250000,0,0
2802,2806,2500,250000,0,0
2803,2807,2500,250000,0,0
2804,2808,2500,250000,0,0
2805,2809,2500,250000,0,0
2806,2810,2500,250000,0,0
2807,2811,2500,250000,0,0
2808,2812,2500,250000,0,0
2809,2813,2500,250000,14,1
2810,2815,2500,250000,0,0
2811,2816,2500,250000,0,0
2812,2817,2500,250000,0,0
2813,2818,2500,250000,0,0
2814,2819,2500,250000,0,0
2815,2820,2500,250000,0,0
2816,2821,2500,250000,0,0
2817,2822,2500,250000,0,0
2818,2823,2500,250000,0,0
2819,2824,2500,250000,0,0
2820,2825,2500,250000,0,0
2821,2826,2500,250000,0,0
2822,2827,2236,223600,0,0
2823,2828,2500,250000,0,0
2824,2829,2500,250000,0,0
2825,2830,2500,250000,1533,1
2826,2831,2500,250000,0,0
2827,2832,2500,250000,0,0
2828,2833,2500,250000,0,0
2829,2834,2500,250000,0,0
2830,2835,2500,250000,0,0
2831,2836,2500,250000,0,0
2832,2837,2500,250000,0,0
2833,2838,2500,250000,0,0
2834,2839,2500,250000,608,1
2835,2840,2500,250000,0,0
2836,2841,2500,250000,0,0
2837,2842,2500,250000,0,0
2838,2843,2500,250000,519,1
2839,2844,2500,250000,0,0
2840,2845,2500,250000,0,0
2841,2846,2500,250000,0,0
2842,2847,2500,250000,104,1
2843,2848,187,18700,0,0
2844,2849,2500,250000,0,0
2845,2850,2500,250000,0,0
2846,2851,2500,250000,0,0
2847,2852,1400,140000,0,0
2848,2853,2500,250000,0,0
2849,2854,2500,250000,2500,1
2850,2855,2500,250000,1213,1
2851,2856,2500,250000,0,0
2852,2857,2500,250000,0,0
2853,2858,2291,229100,0,0
2854,2859,2500,250000,0,0
2855,2860,2500,250000,0,0
2856,2861,2500,250000,0,0
2857,2862,2500,250000,2250,1
2858,2863,2500,250000,124,1
2859,2864,2500,250000,57,1
2860,2865,2500,250000,0,0
2861,2866,2000,200000,0,0
2862,2867,2500,250000,0,0
2863,2868,2500,250000,0,0
2864,2869,2500,250000,2229,1
2865,2870,2500,250000,0,0
2866,2871,2500,250000,0,0
2867,2872,2500,250000,0,0
2868,2873,2500,250000,0,0
2869,2874,2500,250000,0,0
2870,2875,2500,250000,0,0
2871,2876,2500,250000,0,0
2872,2877,2500,250000,0,0
2873,2878,2500,250000,2289,1
2874,2879,2500,250000,0,0
2875,2880,2500,250000,0,0
2876,2881,2500,250000,0,0
2877,2882,2500,250000,0,0
2878,2883,2500,250000,0,0
2879,2884,2500,250000,0,0
2880,2885,2500,250000,0,0
2881,2886,2500,250000,0,0
2882,2887,2500,250000,0,0
2883,2888,2500,250000,0,0
2884,2889,2500,250000,0,0
2885,2890,2500,250000,0,0
2886,2891,2500,250000,0,0
2887,2892,2500,250000,0,0
2888,2893,2500,250000,163,1
2889,2894,2500,250000,0,0
2890,2895,2500,250000,0,0
2891,2896,2500,250000,0,0
2892,2897,2500,250000,0,0
2893,2898,2500,250000,0,0
2894,2899,2500,250000,0,0
2895,2900,2500,250000,0,0
2896,2901,2500,250000,0,0
2897,2902,2500,250000,0,0
2898,2903,2500,250000,0,0
2899,2904,2500,250000,733,1
2900,2905,2500,250000,0,0
2901,2906,2500,250000,2367,1
2902,2907,2500,250000,0,0
2903,2908,2500,250000,118,1
2904,2909,2500,250000,1819,1
2905,2910,2500,250000,0,0
2906,2911,2500,250000,0,0
2907,2912,2500,250000,0,0
2908,2913,2500,250000,0,0
2909,2914,2500,250000,0,0
2910,2915,2500,250000,0,0
2911,2916,2500,250000,0,0
2912,2917,2500,250000,0,0
2913,2918,2500,250000,0,0
2914,2919,2500,250000,0,0
2915,2920,2500,250000,0,0
2916,2921,2500,250000,0,0
2917,2922,2500,250000,0,0
2918,2923,2500,250000,0,0
2919,2924,2500,250000,0,0
2920,2925,2500,250000,0,0
2921,2926,2500,250000,0,0
2922,2927,2500,250000,0,0
2923,2928,2500,250000,0,0
2924,2929,2500,250000,0,0
2925,2930,2500,250000,0,0
2926,2931,2500,250000,0,0
2927,2932,2500,250000,706,1
2928,2933,2500,250000,0,0
2929,2934,2500,250000,0,0
2930,2935,2500,250000,0,0
2931,2936,2500,250000,0,0
2932,2937,2500,250000,0,0
2933,2938,2500,250000,0,0
2934,2939,2500,250000,0,0
2935,2940,2500,250000,0,0
2936,2941,2500,250000,0,0
2937,2942,2500,250000,318,1
2938,2943,2500,250000,0,0
2939,2944,2500,250000,0,0
2940,2945,2500,250000,0,0
2941,2946,2500,250000,0,0
2942,2947,2500,250000,0,0
2943,2948,2500,250000,0,0
2944,2949,2500,250000,2434,1
2945,2950,2500,250000,0,0
2946,2951,2500,250000,0,0
2947,2952,2500,250000,0,0
2948,2953,2500,250000,0,0
2949,2954,2500,250000,0,0
2950,2955,2500,250000,1681,1
2951,2956,2500,250000,0,0
2952,2957,2500,250000,0,0
2953,2958,2500,250000,0,0
2954,2959,2500,250000,0,0
2955,2960,2500,250000,203,1
2956,2961,2500,250000,8,1
2957,2962,2150,215000,0,0
2958,2963,2500,250000,2500,1
2959,2964,2500,250000,0,0
2960,2965,2500,250000,2266,1
2961,2966,2500,250000,0,0
2962,2967,200,20000,0,0
2963,2968,2500,250000,0,0
2964,2969,2500,250000,0,0
2965,2970,2500,250000,0,0
2966,2971,2500,250000,0,0
2967,2972,2500,250000,2371,1
2968,2973,2500,250000,2500,1
2969,2974,2500,250000,1306,1
2970,2975,2500,250000,0,0
2971,2976,1400,140000,0,0
2972,2977,2500,250000,0,0
2973,2978,2500,250000,0,0
2974,2979,2500,250000,0,0
2975,2980,550,55000,0,0
2976,2981,1900,190000,0,0
2977,2982,2500,250000,0,0
2978,2983,2500,250000,0,0
2979,2984,2500,250000,0,0
2980,2985,2500,250000,0,0
2981,2986,2000,200000,0,0
2982,2987,2500,250000,0,0
2983,2988,2500,250000,0,0
2984,2989,1808,180800,0,0
2985,2990,2309,230900,1466,1
2986,2991,2500,250000,0,0
2987,2992,2500,250000,0,0
2988,2993,2500,250000,0,0
2989,2994,2500,250000,0,0
2990,2995,2500,250000,0,0
2991,2996,2500,250000,0,0
2992,2997,2500,250000,0,0
2993,2998,2500,250000,0,0
2994,2999,2500,250000,0,0
2995,3000,2500,250000,0,0
2996,3001,2500,250000,2405,1
2997,3002,2500,250000,0,0
2998,3003,2500,250000,0,0
2999,3004,1168,116800,0,0
3000,3005,2500,250000,0,0
3001,3006,2500,250000,0,0
3002,3007,2500,250000,0,0
3003,3008,2500,250000,0,0
3004,3009,2500,250000,0,0
3005,3010,2500,250000,0,0
3006,3011,2500,250000,0,0
3007,3012,2500,250000,94,1
3008,3013,2500,250000,0,0
3009,3015,2500,250000,148,1
3010,3016,1700,170000,0,0
3011,3017,2500,250000,0,0
3012,3018,2500,250000,0,0
3013,3019,2500,250000,0,0
3014,3020,800,80000,0,0
3015,3021,2500,250000,0,0
3016,3022,2500,250000,0,0
3017,3023,1730,173000,0,0
3018,3024,2500,250000,0,0
3019,3025,2500,250000,0,0
3020,3026,2500,250000,0,0
3021,3027,2500,250000,0,0
3022,3028,2500,250000,0,0
3023,3029,2500,250000,0,0
3024,3030,2500,250000,0,0
3025,3031,2500,250000,0,0
3026,3032,2500,250000,0,0
3027,3033,2500,250000,0,0
3028,3034,200,20000,0,0
3029,3035,2500,250000,0,0
3030,3036,2500,250000,0,0
3031,3037,2500,250000,0,0
3032,3038,601,60100,0,0
3033,3039,2500,250000,0,0
3034,3040,2500,250000,0,0
3035,3041,2500,250000,0,0
3036,3042,2500,250000,390,1
3037,3043,2000,200000,0,0
3038,3044,2500,250000,0,0
3039,3045,2500,250000,0,0
3040,3046,2500,250000,659,1
3041,3047,2500,250000,473,1
3042,3048,2500,250000,0,0
3043,3049,2500,250000,0,0
3044,3050,2500,250000,0,0
3045,3051,600,60000,0,0
3046,3052,2500,250000,0,0
3047,3053,2500,250000,0,0
3048,3054,2500,250000,0,0
3049,3055,550,55000,0,0
3050,3056,2500,250000,364,1
3051,3057,2500,250000,0,0
3052,3058,150,15000,0,0
3053,3059,2500,250000,1927,1
3054,3060,2500,250000,0,0
3055,3061,2495,249500,0,0
3056,3062,2500,250000,0,0
3057,3063,2500,250000,0,0
3058,3064,2500,250000,0,0
3059,3065,2500,250000,0,0
3060,3066,2500,250000,0,0
3061,3067,2500,250000,0,0
3062,3068,2500,250000,0,0
3063,3069,2500,250000,0,0
3064,3070,2500,250000,0,0
3065,3071,2500,250000,0,0
3066,3072,2500,250000,0,0
3067,3073,2500,250000,0,0
3068,3074,2500,250000,135,1
3069,3075,2500,250000,0,0
3070,3076,2500,250000,0,0
3071,3077,1600,160000,0,0
3072,3078,2500,250000,0,0
3073,3079,2500,250000,0,0
3074,3080,2500,250000,0,0
3075,3081,2500,250000,1072,1
3076,3082,12,1200,0,0
3077,3083,1066,106600,0,0
3078,3084,1650,165000,0,0
3079,3085,2500,250000,0,0
3080,3086,2500,250000,647,1
3081,3087,2500,250000,0,0
3082,3088,2500,250000,0,0
3083,3089,2500,250000,0,0
3084,3090,2500,250000,0,0
3085,3091,2500,250000,0,0
3086,3092,2500,250000,2443,1
3087,3093,2500,250000,0,0
3088,3094,2500,250000,11,1
3089,3095,2500,250000,0,0
3090,3096,2500,250000,0,0
3091,3097,2500,250000,0,0
3092,3098,2500,250000,1073,1
3093,3099,2500,250000,0,0
3094,3100,2500,250000,0,0
3095,3101,2500,250000,0,0
3096,3102,2500,250000,0,0
3097,3103,1300,130000,0,0
3098,3104,2500,250000,0,0
3099,3105,2500,250000,0,0
3100,3106,2500,250000,580,1
3101,3107,2500,250000,0,0
3102,3108,2500,250000,0,0
3103,3109,550,55000,0,0
3104,3110,2500,250000,0,0
3105,3111,2500,250000,0,0
3106,3112,2500,250000,0,0
3107,3113,2500,250000,0,0
3108,3114,2500,250000,0,0
3109,3115,2500,250000,0,0
3110,3116,2500,250000,1059,1
3111,3117,2500,250000,0,0
3112,3118,2500,250000,0,0
3113,3119,2500,250000,0,0
3114,3120,2500,250000,126,1
3115,3121,2500,250000,0,0
3116,3122,2500,250000,0,0
3117,3123,2500,250000,0,0
3118,3124,2500,250000,0,0
3119,3125,2500,250000,0,0
3120,3126,2500,250000,125,1
3121,3127,2500,250000,1356,1
3122,3128,2500,250000,2210,1
3123,3129,2500,250000,0,0
3124,3130,2500,250000,911,1
3125,3131,2150,215000,2104,1
3126,3132,2500,250000,0,0
3127,3133,2500,250000,101,1
3128,3134,2500,250000,0,0
3129,3135,2500,250000,0,0
3130,3136,2500,250000,0,0
3131,3137,2500,250000,0,0
3132,3138,2500,250000,0,0
3133,3139,2500,250000,0,0
3134,3140,2500,250000,0,0
3135,3141,2500,250000,0,0
3136,3142,2500,250000,0,0
3137,3143,2500,250000,0,0
3138,3144,2500,250000,0,0
3139,3145,2500,250000,0,0
3140,3146,2500,250000,0,0
3141,3147,2500,250000,0,0
3142,3148,2500,250000,0,0
3143,3149,2500,250000,0,0
3144,3150,2500,250000,0,0
3145,3151,2500,250000,2500,1
3146,3152,2500,250000,0,0
3147,3153,2500,250000,0,0
3148,3154,1840,184000,0,0
3149,3155,1600,160000,0,0
3150,3156,2500,250000,0,0
3151,3157,2500,250000,0,0
3152,3158,257,25700,0,0
3153,3159,2500,250000,0,0
3154,3160,2500,250000,0,0
3155,3161,2500,250000,0,0
3156,3162,2500,250000,75,1
3157,3163,2500,250000,2495,1
3158,3164,2500,250000,825,1
3159,3165,2500,250000,0,0
3160,3166,1650,165000,0,0
3161,3167,2500,250000,0,0
3162,3168,2500,250000,0,0
3163,3169,2500,250000,0,0
3164,3170,2500,250000,0,0
3165,3171,2500,250000,0,0
3166,3172,2500,250000,4,1
3167,3173,2500,250000,36,1
3168,3174,2500,250000,0,0
3169,3175,2500,250000,0,0
3170,3176,2500,250000,0,0
3171,3177,2500,250000,0,0
3172,3178,2500,250000,0,0
3173,3179,2500,250000,0,0
3174,3180,2500,250000,0,0
3175,3181,2500,250000,209,1
3176,3182,2500,250000,0,0
3177,3183,2500,250000,0,0
3178,3184,2500,250000,0,0
3179,3185,2500,250000,0,0
3180,3186,233,23300,146,1
3181,3187,2500,250000,0,0
3182,3188,2500,250000,0,0
3183,3189,2500,250000,0,0
3184,3190,2500,250000,0,0
3185,3191,1400,140000,0,0
3186,3192,2500,250000,0,0
3187,3193,2500,250000,1916,1
3188,3194,2500,250000,0,0
3189,3195,2500,250000,0,0
3190,3196,2500,250000,0,0
3191,3197,2500,250000,0,0
3192,3198,2500,250000,1089,1
3193,3199,2500,250000,0,0
3194,3200,2500,250000,0,0
3195,3201,2500,250000,0,0
3196,3202,2500,250000,0,0
3197,3203,2500,250000,0,0
3198,3204,2500,250000,0,0
3199,3205,2500,250000,0,0
3200,3206,2500,250000,0,0
3201,3207,2500,250000,0,0
3202,3208,2293,229300,0,0
3203,3209,2500,250000,0,0
3204,3210,2100,210000,0,0
3205,3211,2500,250000,559,1
3206,3212,2500,250000,0,0
3207,3213,2250,225000,0,0
3208,3214,2500,250000,0,0
3209,3215,2500,250000,0,0
3210,3216,2500,250000,0,0
3211,3217,2500,250000,0,0
3212,3218,2500,250000,0,0
3213,3219,2500,250000,63,1
3214,3220,2500,250000,0,0
3215,3221,2500,250000,0,0
3216,3222,2500,250000,0,0
3217,3223,2500,250000,131,1
3218,3224,2500,250000,0,0
3219,3225,2500,250000,813,1
3220,3226,2500,250000,0,0
3221,3227,2500,250000,0,0
3222,3228,2500,250000,0,0
3223,3229,2500,250000,0,0
3224,3230,200,20000,0,0
3225,3231,2500,250000,0,0
3226,3232,2500,250000,0,0
3227,3233,2500,250000,0,0
3228,3234,2500,250000,0,0
3229,3235,2500,250000,0,0
3230,3236,2500,250000,0,0
3231,3237,2500,250000,0,0
3232,3238,2500,250000,0,0
3233,3239,2500,250000,0,0
3234,3240,2390,239000,0,0
3235,3241,2500,250000,0,0
3236,3242,2500,250000,0,0
3237,3243,2500,250000,777,1
3238,3244,155,15500,32,1
3239,3245,2500,250000,2248,1
3240,3246,2500,250000,0,0
3241,3247,405,40500,0,0
3242,3248,2500,250000,0,0
3243,3249,2500,250000,0,0
3244,3250,2500,250000,478,1
3245,3251,2500,250000,0,0
3246,3252,2500,250000,0,0
3247,3253,2500,250000,0,0
3248,3254,2500,250000,0,0
3249,3255,2500,250000,0,0
3250,3256,2500,250000,0,0
3251,3257,2500,250000,0,0
3252,3258,2500,250000,528,1
3253,3259,2500,250000,0,0
3254,3260,2500,250000,0,0
3255,3261,2500,250000,0,0
3256,3262,2500,250000,647,1
3257,3263,2500,250000,0,0
3258,3264,2500,250000,0,0
3259,3265,2500,250000,0,0
3260,3266,2500,250000,0,0
3261,3267,2077,207700,0,0
3262,3268,2500,250000,0,0
3263,3269,1950,195000,0,0
3264,3270,2500,250000,0,0
3265,3271,2500,250000,0,0
3266,3272,1400,140000,0,0
3267,3273,309,30900,0,0
3268,3274,2500,250000,0,0
3269,3275,2500,250000,0,0
3270,3276,2500,250000,0,0
3271,3277,2500,250000,0,0
3272,3278,2500,250000,0,0
3273,3279,2500,250000,0,0
3274,3280,2500,250000,916,1
3275,3281,2500,250000,0,0
3276,3282,2500,250000,521,1
3277,3283,2500,250000,0,0
3278,3284,2500,250000,0,0
3279,3285,2500,250000,0,0
3280,3286,2500,250000,0,0
3281,3287,2500,250000,0,0
3282,3288,2500,250000,0,0
3283,3289,2500,250000,0,0
3284,3290,2500,250000,0,0
3285,3291,2250,225000,0,0
3286,3292,2500,250000,0,0
3287,3293,2500,250000,497,1
3288,3294,2500,250000,0,0
3289,3295,2500,250000,0,0
3290,3296,2500,250000,0,0
3291,3297,2500,250000,0,0
3292,3298,2500,250000,0,0
3293,3299,2500,250000,0,0
3294,3300,2500,250000,0,0
3295,3301,1600,160000,0,0
3296,3302,2500,250000,0,0
3297,3303,2500,250000,1692,1
3298,3304,1634,163400,0,0
3299,3305,2500,250000,697,1
3300,3306,2500,250000,0,0
3301,3307,1400,140000,0,0
3302,3308,1873,187300,0,0
3303,3309,2500,250000,0,0
3304,3310,2500,250000,0,0
3305,3311,2500,250000,1184,1
3306,3312,2500,250000,0,0
3307,3313,2500,250000,0,0
3308,3314,2500,250000,4,1
3309,3315,2500,250000,0,0
3310,3316,2500,250000,0,0
3311,3317,2500,250000,0,0
3312,3318,2500,250000,0,0
3313,3319,2500,250000,0,0
3314,3320,2500,250000,0,0
3315,3321,2500,250000,0,0
3316,3322,2500,250000,496,1
3317,3323,2500,250000,0,0
3318,3324,2500,250000,0,0
3319,3325,2500,250000,903,1
3320,3326,2500,250000,0,0
3321,3327,2500,250000,0,0
3322,3328,1450,145000,0,0
3323,3329,2500,250000,0,0
3324,3330,2500,250000,0,0
3325,3331,2500,250000,0,0
3326,3332,2500,250000,396,1
3327,3333,1450,145000,0,0
3328,3334,2500,250000,0,0
3329,3335,2500,250000,0,0
3330,3336,2500,250000,4,1
3331,3337,2500,250000,0,0
3332,3338,2500,250000,0,0
3333,3339,2500,250000,0,0
3334,3340,2500,250000,0,0
3335,3341,2500,250000,0,0
3336,3342,2500,250000,0,0
3337,3343,1443,144300,0,0
3338,3344,2500,250000,0,0
3339,3345,2050,205000,0,0
3340,3346,2500,250000,1951,1
3341,3347,2500,250000,87,1
3342,3348,2500,250000,0,0
3343,3349,2126,212600,286,1
3344,3350,2500,250000,0,0
3345,3351,2500,250000,0,0
3346,3352,150,15000,150,1
3347,3353,2500,250000,0,0
3348,3354,2500,250000,0,0
3349,3355,2500,250000,0,0
3350,3356,2500,250000,0,0
3351,3357,2500,250000,0,0
3352,3358,2500,250000,0,0
3353,3359,2500,250000,0,0
3354,3360,2500,250000,0,0
3355,3361,2500,250000,0,0
3356,3362,2500,250000,0,0
3357,3363,2500,250000,0,0
3358,3364,2500,250000,0,0
3359,3365,2500,250000,0,0
3360,3366,2500,250000,0,0
3361,3367,1332,133200,0,0
3362,3368,2500,250000,0,0
3363,3369,2500,250000,0,0
3364,3370,2500,250000,0,0
3365,3371,2500,250000,0,0
3366,3372,2500,250000,0,0
3367,3373,2500,250000,0,0
3368,3374,615,61500,0,0
3369,3375,2500,250000,0,0
3370,3376,2500,250000,0,0
3371,3377,2500,250000,128,1
3372,3378,74,7400,0,0
3373,3379,2500,250000,0,0
3374,3380,2500,250000,0,0
3375,3381,2500,250000,0,0
3376,3382,2500,250000,225,1
3377,3383,2500,250000,0,0
3378,3384,84,8400,0,0
3379,3385,2500,250000,571,1
3380,3386,2500,250000,0,0
3381,3387,2500,250000,0,0
3382,3388,2500,250000,0,0
3383,3389,2500,250000,0,0
3384,3390,2500,250000,0,0
3385,3391,2500,250000,0,0
3386,3392,2500,250000,21,1
3387,3393,2500,250000,0,0
3388,3394,2500,250000,0,0
3389,3395,2500,250000,0,0
3390,3396,2500,250000,0,0
3391,3397,2500,250000,1,1
3392,3398,96,9600,0,0
3393,3399,2500,250000,22,1
3394,3400,2500,250000,0,0
3395,3401,2500,250000,0,0
3396,3402,2500,250000,0,0
3397,3403,2192,219200,0,0
3398,3404,2500,250000,0,0
3399,3405,2200,220000,0,0
3400,3406,2500,250000,0,0
3401,3407,1850,185000,24,1
3402,3408,2500,250000,0,0
3403,3409,366,36600,0,0
3404,3410,2500,250000,0,0
3405,3411,2500,250000,1757,1
3406,3412,2500,250000,0,0
3407,3413,2500,250000,78,1
3408,3414,1650,165000,0,0
3409,3415,2500,250000,58,1
3410,3416,2500,250000,0,0
3411,3417,2500,250000,0,0
3412,3418,2500,250000,0,0
3413,3419,2500,250000,54,1
3414,3420,2500,250000,0,0
3415,3421,2500,250000,0,0
3416,3422,2500,250000,909,1
3417,3423,2500,250000,0,0
3418,3424,2500,250000,0,0
3419,3425,1080,108000,0,0
3420,3426,550,55000,0,0
3421,3427,2500,250000,0,0
3422,3428,2500,250000,0,0
3423,3429,1876,187600,0,0
3424,3430,2500,250000,0,0
3425,3431,2500,250000,473,1
3426,3432,2500,250000,0,0
3427,3433,2500,250000,0,0
3428,3434,2500,250000,0,0
3429,3435,2500,250000,131,1
3430,3436,2500,250000,0,0
3431,3437,2500,250000,0,0
3432,3438,2500,250000,0,0
3433,3439,2500,250000,0,0
3434,3440,2500,250000,0,0
3435,3441,2500,250000,0,0
3436,3442,2500,250000,0,0
3437,3443,2500,250000,0,0
3438,3444,2500,250000,0,0
3439,3445,2500,250000,1662,1
3440,3446,2500,250000,0,0
3441,3447,2500,250000,0,0
3442,3448,2500,250000,0,0
3443,3449,2500,250000,0,0
3444,3450,2500,250000,126,1
3445,3451,2500,250000,0,0
3446,3452,2500,250000,0,0
3447,3453,2500,250000,408,1
3448,3454,2500,250000,0,0
3449,3455,2500,250000,0,0
3450,3456,2500,250000,0,0
3451,3457,2500,250000,0,0
3452,3458,2500,250000,0,0
3453,3459,2500,250000,0,0
3454,3460,2032,203200,0,0
3455,3461,2500,250000,115,1
3456,3462,2500,250000,0,0
3457,3463,2500,250000,0,0
3458,3464,2500,250000,0,0
3459,3465,2500,250000,0,0
3460,3466,2500,250000,0,0
3461,3467,2500,250000,348,1
3462,3468,2500,250000,483,1
3463,3469,2500,250000,0,0
3464,3470,2500,250000,0,0
3465,3471,2500,250000,0,0
3466,3472,2500,250000,712,1
3467,3473,2500,250000,0,0
3468,3474,2500,250000,0,0
3469,3475,2500,250000,0,0
3470,3476,2500,250000,0,0
3471,3477,2500,250000,0,0
3472,3478,2500,250000,2417,1
3473,3479,2500,250000,0,0
3474,3480,1912,191200,0,0
3475,3481,2500,250000,0,0
3476,3482,2500,250000,0,0
3477,3483,2500,250000,0,0
3478,3484,2500,250000,0,0
3479,3485,2500,250000,0,0
3480,3486,1327,132700,0,0
3481,3487,2500,250000,278,1
3482,3488,1649,164900,0,0
3483,3489,2500,250000,247,1
3484,3490,2500,250000,0,0
3485,3491,2253,225300,0,0
3486,3492,2500,250000,622,1
3487,3493,2500,250000,0,0
3488,3494,2500,250000,99,1
3489,3495,2500,250000,0,0
3490,3496,2500,250000,0,0
3491,3497,2500,250000,0,0
3492,3498,2500,250000,22,1
3493,3499,2500,250000,0,0
3494,3500,2500,250000,0,0
3495,3501,2500,250000,0,0
3496,3502,2500,250000,0,0
3497,3503,2500,250000,137,1
3498,3504,2500,250000,0,0
3499,3505,2500,250000,0,0
3500,3506,2500,250000,0,0
3501,3507,2500,250000,0,0
3502,3508,2500,250000,0,0
3503,3509,2500,250000,1982,1
3504,3510,2500,250000,0,0
3505,3511,2500,250000,0,0
3506,3512,2500,250000,0,0
3507,3513,2500,250000,0,0
3508,3514,2500,250000,0,0
3509,3515,2500,250000,0,0
3510,3516,2500,250000,2314,1
3511,3517,2500,250000,0,0
3512,3518,2500,250000,521,1
3513,3519,2500,250000,0,0
3514,3520,2500,250000,0,0
3515,3521,2500,250000,0,0
3516,3522,2500,250000,0,0
3517,3523,2500,250000,0,0
3518,3524,2500,250000,0,0
3519,3525,1375,137500,0,0
3520,3526,820,82000,0,0
3521,3527,2500,250000,0,0
3522,3528,2500,250000,0,0
3523,3529,2500,250000,0,0
3524,3530,2500,250000,4,1
3525,3531,2500,250000,0,0
3526,3532,2500,250000,0,0
3527,3533,2500,250000,0,0
3528,3534,2500,250000,0,0
3529,3535,1683,168300,0,0
3530,3536,2500,250000,0,0
3531,3537,2500,250000,0,0
3532,3538,2500,250000,0,0
3533,3539,2500,250000,0,0
3534,3540,2500,250000,0,0
3535,3541,2500,250000,0,0
3536,3542,2500,250000,0,0
3537,3543,2500,250000,0,0
3538,3544,1300,130000,0,0
3539,3545,2500,250000,0,0
3540,3546,2500,250000,0,0
3541,3547,2500,250000,0,0
3542,3548,2500,250000,2119,1
3543,3549,2500,250000,0,0
3544,3550,2500,250000,0,0
3545,3551,2500,250000,0,0
3546,3552,2500,250000,0,0
3547,3553,2500,250000,0,0
3548,3554,2500,250000,0,0
3549,3555,100,10000,0,0
3550,3556,2500,250000,0,0
3551,3557,2500,250000,0,0
3552,3558,2500,250000,0,0
3553,3559,2500,250000,0,0
3554,3560,2500,250000,0,0
3555,3561,2500,250000,0,0
3556,3562,1400,140000,0,0
3557,3563,2500,250000,0,0
3558,3564,2500,250000,0,0
3559,3565,2500,250000,2500,1
3560,3566,1350,135000,0,0
3561,3567,2500,250000,7,1
3562,3568,2500,250000,0,0
3563,3569,2500,250000,0,0
3564,3570,1400,140000,0,0
3565,3571,2300,230000,0,0
3566,3572,2500,250000,0,0
3567,3573,2500,250000,0,0
3568,3574,2500,250000,0,0
3569,3575,2500,250000,28,1
